Species,Card Name,Ungraded Price,Grade 9 Price,PSA 10 Price,Image URL
Booster Box,Booster Box,"$20,915.87",,,https://storage.googleapis.com/images.pricecharting.com/rhw5qntv5efowrvn/60.jpg
Booster Pack,Booster Pack,"$2,511.72","$1,270.00","$2,178.99",https://storage.googleapis.com/images.pricecharting.com/a7ski4vejthzrbet/60.jpg
Blister Pack,Blister Pack,"$2,462.50","$24,606.44","$82,504.39",https://storage.googleapis.com/images.pricecharting.com/384cf251e973551f3050f6a0bac257baf65c139a3c434e4630b62b214047b8d1/60.jpg
Charizard,Charizard [Reverse Holo] #3,"$1,088.74","$9,036.38","$31,750.00",https://storage.googleapis.com/images.pricecharting.com/pjdq4sbshwrx7hhn/60.jpg
Charizard,Charizard [Box Topper] #S1,$958.00,"$4,092.50","$23,272.22",https://storage.googleapis.com/images.pricecharting.com/pp3bxmprmb26r3o6/60.jpg
Charizard,Charizard [Holo] #3,$153.43,"$1,649.34","$5,501.64",https://storage.googleapis.com/images.pricecharting.com/lrujbldbvkfj34ri/60.jpg
Charizard,Charizard #3,$93.00,$468.57,"$3,238.51",https://storage.googleapis.com/images.pricecharting.com/jmn2nixmvfoo64yy/60.jpg
Charizard,Charizard [Jumbo] #1,,,,https://www.pricecharting.com/images/no-image-available.png
Gengar,Gengar [Reverse Holo] #11,$587.72,"$4,631.25","$7,459.62",https://storage.googleapis.com/images.pricecharting.com/7e790c9ccfb6c833459cfcc6ba8a6fa3ea305ad3aaf1262f819c0462b217f105/60.jpg
Gengar,Gengar #11,$91.00,$275.00,"$14,100.00",https://storage.googleapis.com/images.pricecharting.com/fdaacda6d2950fd2fbb4e571bbad93eb127f201f43dd9ab0ea6a2216217fa766/60.jpg
Pikachu,Pikachu [Reverse Holo] #86,$477.34,"$1,962.50","$5,884.93",https://storage.googleapis.com/images.pricecharting.com/d3ad1ffd42faae516fde43b4444a9bb56d59a1ee44dc18614130e71bfb0f5625/60.jpg
Pikachu,Pikachu #86,$4.99,$41.71,$205.05,https://storage.googleapis.com/images.pricecharting.com/524423019b34924b5a6f60120d272c0306f52389a7f6c996f10a9556a6d5e804/60.jpg
Mewtwo,Mewtwo [Reverse Holo] #29,$468.82,"$2,246.93","$5,196.84",https://storage.googleapis.com/images.pricecharting.com/ab987635273ed18db73a257513854a0b956ef425c2669817b616ddcb6574a296/60.jpg
Mewtwo,Mewtwo [Box Topper] #S4,$148.76,$885.52,"$3,825.00",https://storage.googleapis.com/images.pricecharting.com/0a1ddd7be7ae724901827492dfff67ae0c9dd844519b03e88a3ed8b5cc3b4ca9/60.jpg
Mewtwo,Mewtwo #29,$25.39,$77.00,$459.17,https://storage.googleapis.com/images.pricecharting.com/ff7d63b805b42adb3828fb8fa14e9cc8b743ec74177d5c2a24b9c4ce4daeb921/60.jpg
Mewtwo,Mewtwo [Jumbo] #4,,,,https://www.pricecharting.com/images/no-image-available.png
Dark Blastoise,Dark Blastoise [Reverse Holo] #4,$447.48,"$2,108.67","$7,107.00",https://storage.googleapis.com/images.pricecharting.com/d647e6e64a8dedfa25e59fd22e139f1474360c11a2794aa3863dd8cb34d9a925/60.jpg
Dark Blastoise,Dark Blastoise [Box Topper] #S2,$229.99,$720.00,"$4,323.61",https://storage.googleapis.com/images.pricecharting.com/wnwcmys4twycd5i6/60.jpg
Dark Blastoise,Dark Blastoise [Holo] #4,$81.91,$450.00,$488.00,https://storage.googleapis.com/images.pricecharting.com/4e96f8852e83708aa155dc7d3a4e5c896d92215647f402ebbdadfea883791594/60.jpg
Dark Blastoise,Dark Blastoise #4,$18.76,$81.00,$220.00,https://storage.googleapis.com/images.pricecharting.com/4f0f8a2b88ca6fc9101adc51532026e70fcf544c1dff9749adcbaec6892f086f/60.jpg
Dark Blastoise,Dark Blastoise [Jumbo] #2,,,,https://www.pricecharting.com/images/no-image-available.png
Psyduck,Psyduck [Reverse Holo] #88,$417.23,$722.63,"$2,764.39",https://storage.googleapis.com/images.pricecharting.com/a2a1383f0e1a77dae7b4d8399e83bf12a5fdaf32d8dcbca0901a9be4e7a299b6/60.jpg
Psyduck,Psyduck #88,$3.71,$30.00,$638.06,https://storage.googleapis.com/images.pricecharting.com/c1bcb5a4ab86fa270073f51101b0e6281194997ad9538edc34bddbcc5fb8f7d9/60.jpg
Dark Dragonite,Dark Dragonite [Reverse Holo] #5,$359.38,"$2,892.08","$14,375.00",https://storage.googleapis.com/images.pricecharting.com/eedbe2243593538ef33b08eaf301d5a753fb7d758d1cdac580324b28c572eeb4/60.jpg
Dark Dragonite,Dark Dragonite #5,$75.40,$349.99,"$2,783.64",https://storage.googleapis.com/images.pricecharting.com/579547d7d61699d4c61ea92cde14d429ab92719b0eed13446a9eed80d67bf793/60.jpg
Venusaur,Venusaur [Reverse Holo] #18,$355.00,"$1,517.58","$4,706.12",https://storage.googleapis.com/images.pricecharting.com/195c1f819929494cf38fd15234f60f35a866299efe2aac68f8b686bbbd176122/60.jpg
Venusaur,Venusaur #18,$45.00,$269.69,$647.51,https://storage.googleapis.com/images.pricecharting.com/7e6d75c0c464d817c8b8a182f7408872842a350b9aa9bfe0cb0e40e2448591ea/60.jpg
Snorlax,Snorlax [Reverse Holo] #64,$333.53,"$1,875.00","$10,994.19",https://storage.googleapis.com/images.pricecharting.com/b49fc39ddcba20d2af0688e30cbc4d7f7457a0511bf1a8afc2a6cd671a8f308b/60.jpg
Snorlax,Snorlax #64,$11.25,$79.11,$352.72,https://storage.googleapis.com/images.pricecharting.com/09f35bb1a8af070446247e7cfc2913e66e4ee8401893f5a5bc6bce71ce1025d7/60.jpg
Charmander,Charmander [Reverse Holo] #70,$299.99,$915.63,"$9,749.24",https://storage.googleapis.com/images.pricecharting.com/1303933c47424839acd5bbb1186812310ccff085e55d1cdb8b91acc849cd00b1/60.jpg
Charmander,Charmander #70,$2.31,$23.50,$154.99,https://storage.googleapis.com/images.pricecharting.com/98e3b5264eecc4de001117db533f88193454076556a1f50899afb4af98a21e89/60.jpg
Eevee,Eevee [Reverse Holo] #74,$288.38,$792.45,"$24,999.00",https://storage.googleapis.com/images.pricecharting.com/f6b136b6be606737b833a35d9ebbaee9167a3bb37d59f5aaf373f571baec8c92/60.jpg
Eevee,Eevee #74,$5.80,$26.92,$74.99,https://storage.googleapis.com/images.pricecharting.com/222595112bf09b69c9abc9b2be6127e6aad0f00655f40c46c00533f3406a6a3a/60.jpg
Squirtle,Squirtle [Reverse Holo] #95,$256.05,$844.64,"$4,691.45",https://storage.googleapis.com/images.pricecharting.com/069bd794c6d64da18e3399b57f43e1a2ccc5004f811748c45c69063f6a038352/60.jpg
Squirtle,Squirtle #95,$2.91,$33.94,$169.99,https://storage.googleapis.com/images.pricecharting.com/f66bcdffeae86398edd88b7ecc1d3df5bc1f01760cc2cdaac5222c082a2766aa/60.jpg
Bulbasaur,Bulbasaur [Reverse Holo] #68,$208.50,$650.00,"$3,727.43",https://storage.googleapis.com/images.pricecharting.com/56e29651618a84d930dbc7b239f17ef0ad2f4e691123da20b3a389e3bee45235/60.jpg
Bulbasaur,Bulbasaur #68,$3.73,$24.98,$115.12,https://storage.googleapis.com/images.pricecharting.com/39af1d69d3dd24a9b2d804b2f7bc3dbd29a2e6b8dde4ad34e79fa4cb5bf5d5bb/60.jpg
Magikarp,Magikarp [Reverse Holo] #52,$208.27,$579.57,"$1,660.00",https://storage.googleapis.com/images.pricecharting.com/5f796aeb4e02582bad45fc20d0f84e740831c6e7e996e844bf31026b1d8be3b7/60.jpg
Magikarp,Magikarp #52,$6.18,$39.69,$150.00,https://storage.googleapis.com/images.pricecharting.com/b9fb0d41e25601d3ba2cb44442a4a44c951b3a64112bd9d1ece983a4fba4f647/60.jpg
Dark Vaporeon,Dark Vaporeon [Reverse Holo] #9,$207.50,$676.41,"$3,267.42",https://storage.googleapis.com/images.pricecharting.com/4eaa4f962ff85633ec77bd0568af31ff1271b694db37bb5c64d4d35acdaf54cd/60.jpg
Dark Vaporeon,Dark Vaporeon #9,$66.00,$269.97,"$3,710.11",https://storage.googleapis.com/images.pricecharting.com/ea9ca136d7dcb2c92a6a48b5f2abc8c14e8286764e1dfc5435e3e4350b86bc4a/60.jpg
Dark Raichu,Dark Raichu [Reverse Holo] #7,$200.62,"$1,048.36","$8,856.70",https://storage.googleapis.com/images.pricecharting.com/10ef4659abcbf3c8352af15775d0eda8c5633928b962b38f980f829680e2a425/60.jpg
Dark Raichu,Dark Raichu [Box Topper] #S3,$150.88,$650.00,"$3,287.50",https://storage.googleapis.com/images.pricecharting.com/970f1372fb9f436ffd60ce7fe2552fb0169c3d5bc648e47176f6f9dc666fa8f4/60.jpg
Dark Raichu,Dark Raichu [Holo] #7,$27.00,$124.00,"$2,147.00",https://storage.googleapis.com/images.pricecharting.com/u66dalvyx643emoz/60.jpg
Dark Raichu,Dark Raichu #7,$14.13,$98.53,$153.75,https://storage.googleapis.com/images.pricecharting.com/2nr3axulcuqz2qws/60.jpg
Dark Raichu,Dark Raichu [Jumbo] #3,,,,https://www.pricecharting.com/images/no-image-available.png
Jolteon,Jolteon [Reverse Holo] #14,$200.00,$599.00,"$5,000.00",https://storage.googleapis.com/images.pricecharting.com/55df97214003f68309666040460b73069c3f277f741d2f7635f112bde2beee34/60.jpg
Jolteon,Jolteon #14,$33.17,$187.59,$500.23,https://storage.googleapis.com/images.pricecharting.com/0e91ffa7876b8ba0c2591455515376ac162ddc28e12046d064bcb4c90bbebe5a/60.jpg
Arcanine,Arcanine [Reverse Holo] #36,$193.43,$766.63,"$4,600.24",https://storage.googleapis.com/images.pricecharting.com/9be164b3182eb1c9250528f2797fc2235289b30a61ee1158840f0634bc1dd7b9/60.jpg
Arcanine,Arcanine #36,$4.09,$29.99,$218.01,https://storage.googleapis.com/images.pricecharting.com/807e1cb2d6c79a368d80bae3ebb2921ff321f323822f9c1935573aebe946d4ad/60.jpg
Zapdos,Zapdos [Reverse Holo] #19,$192.75,$910.50,"$1,875.00",https://storage.googleapis.com/images.pricecharting.com/75868cbccba9ea1eda8be32adb6a580f5a1219311b3c856b701c492687d01e78/60.jpg
Zapdos,Zapdos #19,$24.99,$122.82,$973.00,https://storage.googleapis.com/images.pricecharting.com/062b5201b22b98dbc4921b62353d04caac7627157154ffde253561be7e11fdc3/60.jpg
Dark Wartortle,Dark Wartortle [Reverse Holo] #39,$188.13,$493.20,"$1,023.64",https://storage.googleapis.com/images.pricecharting.com/4becc1cde609868e513a3a2df284c92e15408e02d84e05b8e5c3dbba959a613b/60.jpg
Dark Wartortle,Dark Wartortle #39,$2.75,$41.41,$99.99,https://storage.googleapis.com/images.pricecharting.com/ac1a94112bf7f2b1a360369b240689b3627f5ea50ab93079b0117b3d9222e228/60.jpg
Flareon,Flareon [Reverse Holo] #10,$185.88,$650.00,"$4,456.25",https://storage.googleapis.com/images.pricecharting.com/05560483cc1323b110acfdd9e0a9e3c7867ac5dc3d429ebdfdadee6a7606843c/60.jpg
Flareon,Flareon #10,$32.00,$194.11,"$1,825.00",https://storage.googleapis.com/images.pricecharting.com/80ebe25ddae6d485d09680dc37f82526cd9d1116c4cb3704324dae872035c567/60.jpg
Slowpoke,Slowpoke [Reverse Holo] #93,$183.44,$867.59,"$1,160.38",https://storage.googleapis.com/images.pricecharting.com/c2bb92bec8c13097136696ecbceaefe7c74cabd66008eb072d46463458b86d3f/60.jpg
Slowpoke,Slowpoke #93,$1.72,$25.00,$55.00,https://storage.googleapis.com/images.pricecharting.com/e0fd41d3839a05e8cddc2033a78a756751204ce4dccc0c760fe739e902b17402/60.jpg
Alakazam,Alakazam [Reverse Holo] #1,$182.50,$952.24,"$3,246.86",https://storage.googleapis.com/images.pricecharting.com/81fa8dbd87132da5cc9536fcbad2c0c28ade84681bea394434924f72e3863cfa/60.jpg
Alakazam,Alakazam #1,$49.24,$98.50,$543.92,https://storage.googleapis.com/images.pricecharting.com/98c572a105aa3d050af85866d15c8a151958d0f3cae840620ce368deb1c6b129/60.jpg
Dark Dragonair,Dark Dragonair [Reverse Holo] #38,$180.07,$900.00,"$1,495.00",https://storage.googleapis.com/images.pricecharting.com/07f63bcf806daafc63edf3e198605c4dbd3eab7ac17651d55e5462717f2ac860/60.jpg
Dark Dragonair,Dark Dragonair #38,$3.97,$24.66,$232.71,https://storage.googleapis.com/images.pricecharting.com/eb6a0989a4c4577126305436cffa3c9eb3c0ebe2c77ff95d0f33d0af1dffc018/60.jpg
Gyarados,Gyarados [Reverse Holo] #12,$180.00,$799.00,"$2,583.50",https://storage.googleapis.com/images.pricecharting.com/4735c60292bbdeda60724f951c8de6f72fb9f8b488c60de9c751ff6857d7e610/60.jpg
Gyarados,Gyarados #12,$29.44,$83.00,$979.21,https://storage.googleapis.com/images.pricecharting.com/29333a36dd314910e516c6e7043accc3ef74cbb518cda84dbe0d9fc02435b6f9/60.jpg
Ninetales,Ninetales [Reverse Holo] #17,$172.39,$464.83,"$10,749.50",https://storage.googleapis.com/images.pricecharting.com/119feb2695d6ce96b4dc5025ebfd51a146b9b86ef413116b403f46ca4b7f4913/60.jpg
Ninetales,Ninetales #17,$42.45,$80.18,$749.83,https://storage.googleapis.com/images.pricecharting.com/21d1f1f7a8588046ff8ff845594f45d6668f6c36042c21aec7806c2d43be1156/60.jpg
Moltres,Moltres [Reverse Holo] #30,$163.07,$897.89,"$8,100.00",https://storage.googleapis.com/images.pricecharting.com/368d4ed5d83a01ce921c1b5b88dcb362527d74f5b25b0feed13d240c315355a7/60.jpg
Moltres,Moltres #30,$7.99,$35.89,$77.84,https://storage.googleapis.com/images.pricecharting.com/dfa503546454af3bff67a2872eae05bfbf4f84836f6ba8634947ed3c4eb9f196/60.jpg
Charmeleon,Charmeleon [Reverse Holo] #37,$149.53,$776.58,"$1,245.86",https://storage.googleapis.com/images.pricecharting.com/de6b3d79eb2a5ff864ed81be520902f13ee742c261c5af4f0069c7730b2fe884/60.jpg
Charmeleon,Charmeleon #37,$2.25,$32.48,$70.81,https://storage.googleapis.com/images.pricecharting.com/3c50b808eaec0026f20f0e3ec0119ce845ba0125c6a7ae533063cba71cea1738/60.jpg
Haunter,Haunter [Reverse Holo] #46,$145.00,$561.25,"$3,675.00",https://storage.googleapis.com/images.pricecharting.com/c323254643e9aab006fea09452227916f288253a8635e8b42b76d4cdc7ed2c7a/60.jpg
Haunter,Haunter #46,$3.34,$20.50,$170.00,https://storage.googleapis.com/images.pricecharting.com/0c73a40aa35c6a34c8375cd7dbd5613fa973ee0481669e4100f1cad3ede7df8d/60.jpg
Ivysaur,Ivysaur [Reverse Holo] #47,$143.39,$643.67,"$1,672.57",https://storage.googleapis.com/images.pricecharting.com/697c652a7908858d28acf53fe26166d4721906df00427e445fd338f6ebcc2fa3/60.jpg
Ivysaur,Ivysaur #47,$4.04,$25.25,$53.18,https://storage.googleapis.com/images.pricecharting.com/7d3cce371eb91bc391233cf8867ac4cbea94407a99941a85ec92de683f60d0f1/60.jpg
Articuno,Articuno [Reverse Holo] #2,$142.96,$544.65,"$2,397.38",https://storage.googleapis.com/images.pricecharting.com/47a8b8ecb00df8ebf4ed8291e51220f69179b14817fefe94f01c6ad8df855a6f/60.jpg
Articuno,Articuno #2,$17.81,$140.00,$557.99,https://storage.googleapis.com/images.pricecharting.com/decadbf0ae64968cfe8e1245e3eacc362d79bf6f926a9b9550855de75c459a6e/60.jpg
Dratini,Dratini [Reverse Holo] #72,$141.48,$448.75,"$3,144.48",https://storage.googleapis.com/images.pricecharting.com/f62dde045750ef46966a476795f738dc24b093389d55350a659b02d20d936aaa/60.jpg
Dratini,Dratini #72,$1.74,$101.00,$121.00,https://storage.googleapis.com/images.pricecharting.com/ee8a17a7683bee53cbdcb5b39def823faa6d9999e9d1999b7fe31cd94d47d2d3/60.jpg
Kabuto,Kabuto [Reverse Holo] #48,$140.72,$290.22,$725.92,https://storage.googleapis.com/images.pricecharting.com/415949d61cbc4b56b532033385e502cb1afc6ddf7411bb7c522cb183d42955f5/60.jpg
Kabuto,Kabuto #48,$1.67,$64.00,$77.00,https://storage.googleapis.com/images.pricecharting.com/32201ac6ed0a11d57a2df9ce328d3ecee57f8fa436fb293548fd5c106965a833/60.jpg
Nidoking,Nidoking [Reverse Holo] #31,$135.63,$350.00,$631.67,https://storage.googleapis.com/images.pricecharting.com/433b4559a5e46ef262e61d88e67fa80cc15cdae60a29faa1c286cb1c5847b76d/60.jpg
Nidoking,Nidoking #31,$11.46,$59.22,$80.00,https://storage.googleapis.com/images.pricecharting.com/0768c7185c46c9e47f4cb0a38b2119dc82dfadbe0ed7808d2a86405d31d0aac6/60.jpg
Machamp,Machamp [Reverse Holo] #15,$134.64,$571.71,"$2,624.80",https://storage.googleapis.com/images.pricecharting.com/8d5554569c32989c85cf748804aad81737d759bb3da9b7d3c08d687ab9700636/60.jpg
Machamp,Machamp #15,$20.05,$142.49,$459.85,https://storage.googleapis.com/images.pricecharting.com/2ef0680d7e6789263b69cf2cf79e6652c11f12fd8e66fb76e910f7b0590c2653/60.jpg
Meowth,Meowth [Reverse Holo] #53,$114.93,$369.67,$774.00,https://storage.googleapis.com/images.pricecharting.com/ef38a0cdd9cc14e8f9da374e131efbd24c73589ea6cc1b31ac4fb513f887593e/60.jpg
Meowth,Meowth #53,$3.19,$131.00,$157.00,https://storage.googleapis.com/images.pricecharting.com/e13a24716755a68f18805da9f6b16b71a85eb1a206b3f76c39b9814caf18d6f3/60.jpg
Growlithe,Growlithe [Reverse Holo] #45,$109.00,$389.69,"$1,112.50",https://storage.googleapis.com/images.pricecharting.com/01211a9c54ff0be30ec791a1d9eeb5341307c60df9486e2b583eab2fd65e2e3f/60.jpg
Growlithe,Growlithe #45,$4.08,$19.83,$26.00,https://storage.googleapis.com/images.pricecharting.com/31a5ce3a9d838c257ec54f236ae9686758c2876153e2cd13f389c8b01978dcbf/60.jpg
Dark Slowbro,Dark Slowbro [Reverse Holo] #8,$106.25,$688.67,"$1,605.01",https://storage.googleapis.com/images.pricecharting.com/6de1bf1c0cd52d7cf8efd308a44ea5970c9f4ff15fc45285db909191e6634e12/60.jpg
Dark Slowbro,Dark Slowbro #8,$25.00,$130.22,"$1,154.20",https://storage.googleapis.com/images.pricecharting.com/1431e1810293bad81151de99c02e095591e4953c8e5a55b6051a2b8187bb4267/60.jpg
Gastly,Gastly [Reverse Holo] #76,$102.50,$775.70,"$2,050.00",https://storage.googleapis.com/images.pricecharting.com/6f3263645de1d3b8cdbe6b0ebb5fc184436295b0f00b998dbe31e0c9bab77bbe/60.jpg
Gastly,Gastly #76,$1.31,$122.76,$152.44,https://storage.googleapis.com/images.pricecharting.com/f5ba5f24795f63cb4470c6bbacbce09b0a3be4f662616a2b2664c8d58d935f9a/60.jpg
Kadabra,Kadabra [Reverse Holo] #49,$99.99,$258.84,"$4,624.03",https://storage.googleapis.com/images.pricecharting.com/f91085c1502ea2ca2a60388aa04e548941f6ec6da65922002053847a39dbb112/60.jpg
Kadabra,Kadabra #49,$4.03,$103.00,$119.42,https://storage.googleapis.com/images.pricecharting.com/b8471515057e16c69056cf9e71d3651ca5a4a71050f705442cdce35ea7e28e04/60.jpg
Vulpix,Vulpix [Reverse Holo] #98,$96.64,$271.14,"$1,349.99",https://storage.googleapis.com/images.pricecharting.com/d63e2c3e15e3b02869a8ce06ab66f00c6e6f888080e8a664dc603f6834cba979/60.jpg
Vulpix,Vulpix #98,$1.19,$19.17,$60.65,https://storage.googleapis.com/images.pricecharting.com/6d182a56e8d8db479d8d38b7ca55bf36c878ce0ea2900d0b84ed1a887cf8e431/60.jpg
Butterfree,Butterfree [Reverse Holo] #21,$94.85,$365.31,"$1,052.30",https://storage.googleapis.com/images.pricecharting.com/866d706329f08f5b3a2de3944566ea335403712ae4b9514fdfbc7eed8015e753/60.jpg
Butterfree,Butterfree #21,$4.98,$88.00,$118.99,https://storage.googleapis.com/images.pricecharting.com/e34e00ccbeab8ee2cc3a00b10868380a7a5f102ce16106514a35f86287e7ff7d/60.jpg
Kabutops,Kabutops [Reverse Holo] #27,$92.25,$437.16,"$1,375.00",https://storage.googleapis.com/images.pricecharting.com/e8665ccbf1b06bbca867f684b570317f5bee4df83c01fac86d1f39ad08b313d6/60.jpg
Kabutops,Kabutops #27,$7.21,$50.00,$65.01,https://storage.googleapis.com/images.pricecharting.com/7e7ad2dfbf5e258fc16ebf39838e3a9d795dd97e75c11c2af156a25aa5a27db2/60.jpg
Magneton,Magneton [Reverse Holo] #28,$90.00,$306.75,$657.41,https://storage.googleapis.com/images.pricecharting.com/da2b354085e3585e22adf0e38d1793256c6085c31234f7e82687428c35fbe4fe/60.jpg
Magneton,Magneton #28,$2.82,$130.00,$156.00,https://storage.googleapis.com/images.pricecharting.com/c0d12b09b3ca601eb179ae21b81495a3dc06bedb50c30b2a4047fc908f4f829e/60.jpg
Pidgeot,Pidgeot [Reverse Holo] #33,$88.59,$213.84,$956.58,https://storage.googleapis.com/images.pricecharting.com/6c5644364f1a70eac47c6b231aa0c2f8a58e7c975bb2ddb1b9e6c7009f4a104e/60.jpg
Pidgeot,Pidgeot #33,$6.10,$32.44,$131.81,https://storage.googleapis.com/images.pricecharting.com/32aae46bb46a49c1dadf9e460490384ceae1394b35ea401e9b672d2b1fb26988/60.jpg
Graveler,Graveler [Reverse Holo] #44,$85.40,$160.95,"$1,298.98",https://storage.googleapis.com/images.pricecharting.com/f62ab1499059bc9a888cec63280e0842329ef1161e244d22f213795e3b4db901/60.jpg
Graveler,Graveler #44,$1.94,$97.00,$116.00,https://storage.googleapis.com/images.pricecharting.com/b737647c32462c9e60355f6160940ca9c45e1c7577a5abb8ab9742ea0e82730e/60.jpg
Abra,Abra [Reverse Holo] #67,$82.08,$410.53,"$1,137.50",https://storage.googleapis.com/images.pricecharting.com/df1138b71606c66ce6b9813f93a77c2828b93c2290c194769ea20e73eae53b6f/60.jpg
Abra,Abra #67,$1.89,$35.15,$156.17,https://storage.googleapis.com/images.pricecharting.com/cb232ee1c28105643215ddbdf109bde2f23b49ea9bdcf4bda28a5a292e9eebca/60.jpg
Challenge,Challenge [Reverse Holo] #106,$81.94,"$1,425.00","$2,773.39",https://storage.googleapis.com/images.pricecharting.com/0377d3409fae03b4633169c8a459e81a26609f7ac619c2b8cf248e562e144420/60.jpg
Challenge,Challenge #106,$2.63,$114.00,$137.00,https://storage.googleapis.com/images.pricecharting.com/d290d4b3e482e64b31fe22638df61532941f81a2dd11c1b882b074cd77a8e6ff/60.jpg
Hypno,Hypno [Reverse Holo] #25,$81.60,$264.21,$730.68,https://storage.googleapis.com/images.pricecharting.com/3dcae073afbd5627aa86afc0cce25d032a29d2fdee63f30f8be03fc56f60fcfe/60.jpg
Hypno,Hypno #25,$5.01,$36.03,$126.25,https://storage.googleapis.com/images.pricecharting.com/f6bc424c27befbceec3d342f971bc1cfd8d76740b7b6dcfa3fc62e4297e96b5f/60.jpg
Sandslash,Sandslash [Reverse Holo] #62,$81.24,$150.44,"$2,747.23",https://storage.googleapis.com/images.pricecharting.com/f0108c21bdcf0983f311dd213374057a6eed66ad3a41e81814f2315c06b70ce9/60.jpg
Sandslash,Sandslash #62,$1.33,$86.00,$103.00,https://storage.googleapis.com/images.pricecharting.com/f1fc3d00840f07ab184fb34ffd4791af3be9d17588716f48838fb3047d8661a0/60.jpg
Dark Persian,Dark Persian [Reverse Holo] #6,$81.12,$276.67,$780.00,https://storage.googleapis.com/images.pricecharting.com/5d55cf2aaa0269d88d9250bf5446f3f6fa000afdab2c516d75e9293fa63d5c74/60.jpg
Dark Persian,Dark Persian #6,$17.50,$117.08,$495.72,https://storage.googleapis.com/images.pricecharting.com/ff13b43b7d6db0c7d8d8dfd756ae9df7725ad7431430a48638730af5c89a5f71/60.jpg
Dewgong,Dewgong [Reverse Holo] #40,$79.03,$220.36,$740.83,https://storage.googleapis.com/images.pricecharting.com/9cc682a678093a9203736a4c51e00c1f14fe4b17286c18f9695a33dac4028be1/60.jpg
Dewgong,Dewgong #40,$2.49,$97.00,$116.00,https://storage.googleapis.com/images.pricecharting.com/ba5a66986f75d2c22839a95bf51934d38a3ea391d65364451220b7685fa053ef/60.jpg
Golem,Golem [Reverse Holo] #24,$78.41,$254.18,$538.05,https://storage.googleapis.com/images.pricecharting.com/43a0ce5769f3dcd9e32bc9e11c8a2b82119db9d713dd229ffe47c2604278c990/60.jpg
Golem,Golem #24,$3.98,$40.00,$62.51,https://storage.googleapis.com/images.pricecharting.com/73bbaa5c63abedeaa4cf2d511520f32eb42dcfa8b6c690f8a19fbfe9a91291e1/60.jpg
Exeggutor,Exeggutor [Reverse Holo] #23,$77.50,$200.00,"$1,136.00",https://storage.googleapis.com/images.pricecharting.com/bc7c1b870bbee8cb2a92284e81ec37289f5198dad2bb05d819b89fe86445c749/60.jpg
Exeggutor,Exeggutor #23,$4.03,$66.00,$70.00,https://storage.googleapis.com/images.pricecharting.com/ad8954644b7453e859f9de20396645146b14c56a0f3459b03dd1a87c6a55fe21/60.jpg
Beedrill,Beedrill [Reverse Holo] #20,$76.50,$214.68,$869.99,https://storage.googleapis.com/images.pricecharting.com/47395657c87f1d106ec6ef1bac2198023a544c11a3e85d58cf386304c04ee0e6/60.jpg
Beedrill,Beedrill #20,$4.42,$62.00,$68.85,https://storage.googleapis.com/images.pricecharting.com/6393d5833bbaabb4a1bab673a8c87d3acdfd2f4e918107b89a2046810c774d1c/60.jpg
Golduck,Golduck [Reverse Holo] #43,$76.49,$363.09,$438.87,https://storage.googleapis.com/images.pricecharting.com/0ed9cd5ece0ada19fb70be3eef60213ae1205b123303e106eed550e43c3d3ce6/60.jpg
Pidgeotto,Pidgeotto [Reverse Holo] #34,$76.49,$199.00,$657.50,https://storage.googleapis.com/images.pricecharting.com/e920a319109be4cb1db38f44a25c206e646d55d6726ff6fe1febf57d56f34255/60.jpg
Pidgeotto,Pidgeotto #34,$5.66,$72.00,$86.00,https://storage.googleapis.com/images.pricecharting.com/23b322724da567daa79b85080d53aeb98d6c5f2a060c47cd4319f12c203f7b97/60.jpg
Golduck,Golduck #43,$2.99,$121.00,$145.00,https://storage.googleapis.com/images.pricecharting.com/825bf69e594a7f620fff103a0db9a46dd53c937823d145b4daaca4d29ad3ab95/60.jpg
Jynx,Jynx [Reverse Holo] #26,$76.20,$167.50,$586.11,https://storage.googleapis.com/images.pricecharting.com/3f46691648f809190ba16f8fc5dc17e31d37b33412b5561ff4483a7b98a0d024/60.jpg
Jynx,Jynx #26,$6.00,$21.50,$149.99,https://storage.googleapis.com/images.pricecharting.com/a19edcf52924358b5ce36a14dedd5f769b1fe853852b86dd25bcac44aed8aee1/60.jpg
Rapidash,Rapidash [Reverse Holo] #60,$75.79,$294.76,"$1,023.51",https://storage.googleapis.com/images.pricecharting.com/5e331f47bddf09ff8f95a4dc506ed31ade673439bd8fd78b0db98df12eb71936/60.jpg
Rapidash,Rapidash #60,$2.99,$29.15,$63.98,https://storage.googleapis.com/images.pricecharting.com/bc931ec6b70c1fc92f944be43f480f10cb88b9a29d518c771f4f97540c5fb370/60.jpg
Tauros,Tauros [Reverse Holo] #65,$75.00,$321.40,$392.68,https://storage.googleapis.com/images.pricecharting.com/8b16b62abedfd77bb1ca8be9dd3c3dde057d1928c940ce0c7d7f06ed82c85760/60.jpg
Tauros,Tauros #65,$2.22,$25.69,$88.64,https://storage.googleapis.com/images.pricecharting.com/db6fc53d896bc85f2523f1df8c4819c4f176941609cac60f7b5c44dc0c672f36/60.jpg
Ponyta,Ponyta [Reverse Holo] #87,$74.96,$256.29,$624.76,https://storage.googleapis.com/images.pricecharting.com/ee49c0724331995606b4de6f036e17ed254ebf98ec550d1801baf1050cb7475b/60.jpg
Ponyta,Ponyta #87,$1.69,$31.00,$65.00,https://storage.googleapis.com/images.pricecharting.com/74c83a43526f862b85e94d1736eff6652d011a833faf68b1f9cfb4aa8ec4c73a/60.jpg
Metapod,Metapod [Reverse Holo] #54,$74.08,$220.00,$422.20,https://storage.googleapis.com/images.pricecharting.com/741a219add784b6486ac266d8d47ea2451239f2c62cc6023d49964effd992b67/60.jpg
Metapod,Metapod #54,$2.36,$48.00,$80.29,https://storage.googleapis.com/images.pricecharting.com/6c51ec2ef17e606ad4c7cbe8a57210f1da23aeeaf8ca9795ab866b2c8ccf7b5f/60.jpg
Kakuna,Kakuna [Reverse Holo] #50,$73.46,$200.00,"$1,222.53",https://storage.googleapis.com/images.pricecharting.com/6634ad592f312feadc36824caaf5c7d91e196fb49f99c618ee4e83e438b7cbbd/60.jpg
Kakuna,Kakuna #50,$1.50,$21.01,$68.95,https://storage.googleapis.com/images.pricecharting.com/3e8afac274f1a72b3a9924ba8c2d03f3579771f45ff9481d23d1b46543007da8/60.jpg
Nidoqueen,Nidoqueen [Reverse Holo] #32,$73.38,$307.77,"$1,027.90",https://storage.googleapis.com/images.pricecharting.com/47a8c6f555fda8e44debabb4277cc67a41bc7c16e08c5c1c89d82a70fe717b17/60.jpg
Nidoqueen,Nidoqueen #32,$11.34,$41.02,$62.05,https://storage.googleapis.com/images.pricecharting.com/03db5a6777bed530d3b18de74bfaa4d741e056c15310b79b4ee3553f7ebf2ce2/60.jpg
Caterpie,Caterpie [Reverse Holo] #69,$72.47,$204.05,"$2,550.00",https://storage.googleapis.com/images.pricecharting.com/e360df83f107feb06a89cd9bad3a187d8079cc92df01ca146392db0f36a776f0/60.jpg
Caterpie,Caterpie #69,$1.59,$93.00,$112.00,https://storage.googleapis.com/images.pricecharting.com/49cfe0cf8baa7f23979d956e3c34cf83713d48ea4b0f1ed3ffce19b518c2d5a6/60.jpg
Sandshrew,Sandshrew [Reverse Holo] #91,$72.31,$165.00,$573.04,https://storage.googleapis.com/images.pricecharting.com/96725ea197c74c63a02d01c6ece41926cc150c8c7e361c6d6696466989459a84/60.jpg
Sandshrew,Sandshrew #91,$0.57,$15.51,$49.99,https://storage.googleapis.com/images.pricecharting.com/a0593702631885aed361f5400af0c53a166a80cbc5f87783f3f12ba4af5a72ef/60.jpg
Tentacruel,Tentacruel [Reverse Holo] #66,$71.51,$199.36,"$2,102.34",https://storage.googleapis.com/images.pricecharting.com/bd42449370ed3f01dd9cab1cd062cc1cdf715b68d7f0ca0d31dd53c269dbd16c/60.jpg
Tentacruel,Tentacruel #66,$1.40,$120.00,$144.00,https://storage.googleapis.com/images.pricecharting.com/af5cccabe3a2d58242d146f45c1a236031259b6e69a9935c36162e163da966e8/60.jpg
Weedle,Weedle [Reverse Holo] #99,$71.01,$122.00,$276.89,https://storage.googleapis.com/images.pricecharting.com/cba7d4d804cf6d97ba6247a42fb9c182b061ea77362ca7ff1a80180dc3386f08/60.jpg
Weedle,Weedle #99,$0.74,$58.00,$60.05,https://storage.googleapis.com/images.pricecharting.com/12fc85c1c972b945a1233bc783718b0fb8f4b79d0d758a8b9e9fe3e6f2da35ef/60.jpg
Electrode,Electrode [Reverse Holo] #22,$70.75,$277.57,$800.00,https://storage.googleapis.com/images.pricecharting.com/f5aa40bfee2a76c751b714d154101240cf0b2c6469b9c28a7cb978dda8537756/60.jpg
Electrode,Electrode #22,$4.12,$27.49,$39.00,https://storage.googleapis.com/images.pricecharting.com/436f04cd61e70efb6db4766d9021efe82cf1f24cb27d73dee22f58611296aff6/60.jpg
Onix,Onix [Reverse Holo] #84,$70.59,$184.30,$634.36,https://storage.googleapis.com/images.pricecharting.com/51a53a94274111d2e5c21147dc868ae1741bdc770e81d11e34659c6233a88f30/60.jpg
Onix,Onix #84,$0.96,$20.99,$62.14,https://storage.googleapis.com/images.pricecharting.com/2c3bed75a9cae0b682ac9c827a510d0064fbf4256a006f7341e138b96fc77b2e/60.jpg
Mankey,Mankey [Reverse Holo] #81,$70.00,$172.76,$494.29,https://storage.googleapis.com/images.pricecharting.com/6e4f7fdf06116b6b059347404ffc0e9382889c958d85e6f7b0cf556fe7ad4171/60.jpg
Mankey,Mankey #81,$1.23,$14.42,$57.08,https://storage.googleapis.com/images.pricecharting.com/1b99be313087d6ae4705c28d2ff80c88809c2c86e08997b4d302fd2106782e9e/60.jpg
Hitmonlee,Hitmonlee [Reverse Holo] #13,$69.50,$261.81,$946.66,https://storage.googleapis.com/images.pricecharting.com/e820478f45fe15a53bfaa01b24e3403f96f914ba77ffcd7adfef95b8dbfd33da/60.jpg
Hitmonlee,Hitmonlee #13,$28.97,$84.45,$811.57,https://storage.googleapis.com/images.pricecharting.com/617d980b0c47aafedafe57e06e9d0062ebb53c79f2b67695c366657f43fa9a92/60.jpg
Muk,Muk [Reverse Holo] #16,$69.26,$199.00,$875.00,https://storage.googleapis.com/images.pricecharting.com/37c5772765fde5c102239df44464f8df5f59b863ce3ae452a729e21a06f8b208/60.jpg
Muk,Muk #16,$13.99,$64.71,$125.00,https://storage.googleapis.com/images.pricecharting.com/ba15a4039e3637db19243e2feda2d3caf272cdeb3b57e01eca19a581e58ed69d/60.jpg
Omanyte,Omanyte [Reverse Holo] #57,$68.76,$227.13,$769.49,https://storage.googleapis.com/images.pricecharting.com/b6e7ce08ad7cf9c52bc2c82c4179eab8817233cf043c5a18310a62b74ea68590/60.jpg
Omanyte,Omanyte #57,$1.89,$77.33,$89.65,https://storage.googleapis.com/images.pricecharting.com/464d1a3c3c1f87f39dae46569985ea4f2cef2284bc2e92e5262c7ca8b4cf334c/60.jpg
Primeape,Primeape [Reverse Holo] #59,$68.19,$196.25,"$1,274.08",https://storage.googleapis.com/images.pricecharting.com/52d04f242c9743bf470aca472ca63fb8ef952c27a50423acd3e39370a67c4b2e/60.jpg
Primeape,Primeape #59,$1.44,$15.17,$300.00,https://storage.googleapis.com/images.pricecharting.com/fc826452df896ccf3b41a3c9a273ff8f09aa1eda7322513f4217664b2c0872f4/60.jpg
Machop,Machop [Reverse Holo] #79,$67.96,$190.66,$841.36,https://storage.googleapis.com/images.pricecharting.com/83039544a599b3278657bf373dee4e0c0407a8ac488a11eedab5986280c3925f/60.jpg
Machop,Machop #79,$1.50,$121.00,$145.00,https://storage.googleapis.com/images.pricecharting.com/a8b92a4dbfe4fde7b45c517aec0d68e47104ef701b9f43b7789ca1ce8a8cea9e/60.jpg
Grimer,Grimer [Reverse Holo] #78,$66.03,$178.70,$864.61,https://storage.googleapis.com/images.pricecharting.com/e0765544cd33a22b85c1b2a8425010a6bdecff4acdae1192e93d3dae1514a560/60.jpg
Grimer,Grimer #78,$1.50,$24.98,$68.75,https://storage.googleapis.com/images.pricecharting.com/09f1a86d2038719a7d291db6d530f6e92c212d66ceab5d675a72234b0c398d9b/60.jpg
Pidgey,Pidgey [Reverse Holo] #85,$66.00,$178.61,"$1,430.00",https://storage.googleapis.com/images.pricecharting.com/20a56f9cd7f2e642f460863d7836ba93f33a6b6b1494229a889d43d9df055412/60.jpg
Pidgey,Pidgey #85,$1.22,$59.00,$72.55,https://storage.googleapis.com/images.pricecharting.com/17bf10b1e0f0b04f87297faf62490d44079ae106e31b3bfde22a4d57c772b3e9/60.jpg
Spearow,Spearow [Reverse Holo] #94,$64.77,$152.25,"$1,199.65",https://storage.googleapis.com/images.pricecharting.com/fd0d1cb112f10927a996f171a1a296b5dae7da01599158434cd7312033accd3b/60.jpg
Spearow,Spearow #94,$0.71,$17.00,$84.95,https://storage.googleapis.com/images.pricecharting.com/ca24c9935246caa64cb4379f9a7ba1b5043076e5eac1ea953536673ab9958576/60.jpg
Omastar,Omastar [Reverse Holo] #58,$63.47,$207.00,$800.00,https://storage.googleapis.com/images.pricecharting.com/8b20ae04da48a016a503c14f2c9c2887409c684a99ee574c1c8242a8494d4824/60.jpg
Omastar,Omastar #58,$2.21,$92.38,$111.00,https://storage.googleapis.com/images.pricecharting.com/10f14d2fabad23683022318931edaffd33e8cb099853e10de94a7b8493ec47ce/60.jpg
Seadra,Seadra [Reverse Holo] #63,$62.50,$291.21,"$1,430.00",https://storage.googleapis.com/images.pricecharting.com/b59fa9c551f2b5dd6c8b7c962d2b4dc43124b120eb06d6e28ac94c37ca626086/60.jpg
Seadra,Seadra #63,$1.86,$130.00,$156.00,https://storage.googleapis.com/images.pricecharting.com/673309e1630b391ecde0fdce4606eb1304679b775ce112581ca06491e261720b/60.jpg
Machoke,Machoke [Reverse Holo] #51,$61.31,$199.00,"$1,534.00",https://storage.googleapis.com/images.pricecharting.com/f5b5399a07b618becc5804364092028353075dda1e22dec6bf674e743445f641/60.jpg
Machoke,Machoke #51,$1.99,$99.00,$99.99,https://storage.googleapis.com/images.pricecharting.com/80ea1ac99d0da1b288d2ca38813ac84a26a45bc3c74840f4478f99b1f406925d/60.jpg
Magnemite,Magnemite [Reverse Holo] #80,$61.22,$165.50,$600.64,https://storage.googleapis.com/images.pricecharting.com/9947a4956a258c651dcf068a88f4e8fe20e0348f4adb0b1230b1cf3dddcc4400/60.jpg
Magnemite,Magnemite #80,$0.99,$63.54,$76.00,https://storage.googleapis.com/images.pricecharting.com/9c6ff2e9515434da8d6a6ad5235ebc2d86d6bc73187939010591f62d7ef07488/60.jpg
Rattata,Rattata [Reverse Holo] #89,$61.00,$200.01,$748.00,https://storage.googleapis.com/images.pricecharting.com/70b9325c75b2ba9a491c6c96ee6cbf2e607510bf294ef9c35c26a0e3d4c64924/60.jpg
Nidorina,Nidorina [Reverse Holo] #55,$61.00,$227.05,$605.17,https://storage.googleapis.com/images.pricecharting.com/a87b064154d145894133257e166162b247f6dfeac2338157a99a37ec1d86b3b6/60.jpg
Nidorina,Nidorina #55,$2.50,$99.00,$119.00,https://storage.googleapis.com/images.pricecharting.com/bfd8afcd8dede2f9cb6fcf35c748ec3bf644da9e1a3cf31f79a35d783e09bb27/60.jpg
Rattata,Rattata #89,$0.93,$40.00,$95.40,https://storage.googleapis.com/images.pricecharting.com/33afd4bf2e311ef3f81c270303c2ae343348a7b5968c81326958868dd8001b5b/60.jpg
Exeggcute,Exeggcute [Reverse Holo] #75,$60.25,$219.99,"$1,799.05",https://storage.googleapis.com/images.pricecharting.com/ade74ac3d24fa0f0959c38678a9307193a8cd58fc122a10892463d0b740cc7a8/60.jpg
Exeggcute,Exeggcute #75,$0.93,$58.00,$149.38,https://storage.googleapis.com/images.pricecharting.com/3ab2fc487395bb3141fa0b5af68e5bf02dd528aad0f3d7aaea49cc8a3125e662/60.jpg
Seel,Seel [Reverse Holo] #92,$60.06,$190.03,$938.19,https://storage.googleapis.com/images.pricecharting.com/f27df3a64fccb67352f60b46f95c95984532350e15a440fe5780f18157f66abb/60.jpg
Seel,Seel #92,$0.55,$5.76,$47.14,https://storage.googleapis.com/images.pricecharting.com/70735e18002cb33913ec6066778a3242adb206a79ad58e2504f1cc4eb56bd08e/60.jpg
Geodude,Geodude [Reverse Holo] #77,$60.00,$153.00,$486.04,https://storage.googleapis.com/images.pricecharting.com/09014150d752ab6b2635d1d7fe5b10e9382b005658c63f4b0159513219e07d5a/60.jpg
Drowzee,Drowzee [Reverse Holo] #73,$60.00,$157.41,$546.64,https://storage.googleapis.com/images.pricecharting.com/92c7d4641a410f3d187bd34c8d86342214ca6f932ecc07702e44849b3c537d15/60.jpg
Geodude,Geodude #77,$0.98,$18.00,$92.50,https://storage.googleapis.com/images.pricecharting.com/3d1376e6696cc834c61c3c24077eb855de5dbaefd5139480bbd03f53592287ea/60.jpg
Drowzee,Drowzee #73,$0.66,$18.00,$45.02,https://storage.googleapis.com/images.pricecharting.com/e167df1b0cd1e990a0e190c015742d496520bddf9b2b4a8ba89859f9d1d6b58c/60.jpg
Dodrio,Dodrio [Reverse Holo] #41,$59.83,$223.50,$502.50,https://storage.googleapis.com/images.pricecharting.com/2d952c880d5f9193f4223c4402976fd914b2ab0efa74cc38ce68fffde9d6ae60/60.jpg
Dodrio,Dodrio #41,$1.89,$48.00,$58.00,https://storage.googleapis.com/images.pricecharting.com/8d25d03d36ffdc95a40e0ba60c64607dea5c10b9da1cba275d5a9d1297b0eff7/60.jpg
Fearow,Fearow [Reverse Holo] #42,$59.75,$162.50,$618.75,https://storage.googleapis.com/images.pricecharting.com/3dd0c03552d7fac075c15c62aff2d9e9e46817ca9bf94d9d9c11293fa14139fa/60.jpg
Fearow,Fearow #42,$1.64,$26.96,$37.89,https://storage.googleapis.com/images.pricecharting.com/f3d269ea3ad12934d8a6ea8739d8cf929fa3aa4d6ae83e3e3a073009cfbd1225/60.jpg
Nidoran,Nidoran [Reverse Holo] #83,$59.06,$192.41,$681.26,https://storage.googleapis.com/images.pricecharting.com/43b5911ffbde0f60937b31d980c0d72f3a200f771ca6b5aae4d2f183e9d70a76/60.jpg
Nidoran,Nidoran [Reverse Holo] #82,$53.69,$203.50,$951.40,https://storage.googleapis.com/images.pricecharting.com/f130e2170077c33b27765f1586a8ef67ffd1ceb9400cf78dff86450c444705f2/60.jpg
Nidoran,Nidoran #83,$1.21,$49.00,$65.00,https://storage.googleapis.com/images.pricecharting.com/74c18e04cfed6126ffc389b19463cfdfb1e13f9cbde627755d5e9c0c2e95742e/60.jpg
Nidoran,Nidoran #82,$0.63,$48.00,$58.00,https://storage.googleapis.com/images.pricecharting.com/b5f0319b2104c141fbec22719c03380b2c860d207160da724278388a70b2b12b/60.jpg
Nidorino,Nidorino [Reverse Holo] #56,$58.71,$224.92,$451.91,https://storage.googleapis.com/images.pricecharting.com/6aa30e853849abf7e70a8e59c565aaf9bc93752f6f93816c6e7fe61f83d2903c/60.jpg
Nidorino,Nidorino #56,$2.14,$20.13,$91.00,https://storage.googleapis.com/images.pricecharting.com/c0c9e56529a03f913244f2e2dc498ef466187928284063936801510530fe75f7/60.jpg
Raticate,Raticate [Reverse Holo] #61,$58.05,$214.31,"$1,306.24",https://storage.googleapis.com/images.pricecharting.com/7c92a0467598fe764cd1413865145076bfe6488ef9cafcdf40f3ffecf0ca220d/60.jpg
Raticate,Raticate #61,$1.75,$60.00,$102.48,https://storage.googleapis.com/images.pricecharting.com/63b79dc69d7ce733459d96b79422c1ca677be7feae7dce08be5278949a8c7d00/60.jpg
Voltorb,Voltorb [Reverse Holo] #97,$56.50,$187.50,"$1,329.00",https://storage.googleapis.com/images.pricecharting.com/a510630d4dcfbdc1926a6959e9fe4c35abd6baebb853c3857add241bbd0f33af/60.jpg
Voltorb,Voltorb #97,$1.78,$105.00,$126.00,https://storage.googleapis.com/images.pricecharting.com/9298dd37cf50ef50873675a15d3417d2498df87d08a405b433c26f404362904f/60.jpg
Rhydon,Rhydon [Reverse Holo] #35,$55.27,$165.31,"$1,051.56",https://storage.googleapis.com/images.pricecharting.com/2608351ff71a2e55e3b12474c1d45eace7921bd6c0e7d35de5ce35abdb5e6454/60.jpg
Rhydon,Rhydon #35,$7.85,$23.70,$35.35,https://storage.googleapis.com/images.pricecharting.com/20b76eec057b76bdb3755f5f7c626c00c2e80451ad0a40555709f10b9ec016d8/60.jpg
Rhyhorn,Rhyhorn [Reverse Holo] #90,$55.00,$213.18,$733.31,https://storage.googleapis.com/images.pricecharting.com/815e7896b60f31d6f4d78ccce666d1ee54efca0675b4ab1087a269ca0846e4b1/60.jpg
Rhyhorn,Rhyhorn #90,$0.99,$17.73,$27.50,https://storage.googleapis.com/images.pricecharting.com/65312f0c1ae6372fb28d52b2a588f193a506bd9eb7a0a83be1f34d65455851e3/60.jpg
The Boss's Way,The Boss's Way [Reverse Holo] #105,$53.43,$221.50,$460.00,https://storage.googleapis.com/images.pricecharting.com/f33d5a7e25cfc03d3b0b9f8e23d189ab94e072c96b24eed38f77c73298751f2e/60.jpg
The Boss's Way,The Boss's Way #105,$1.99,$139.00,$167.00,https://storage.googleapis.com/images.pricecharting.com/685a76b95dc59cd1638522afa0843801e290c8276188d9f288da32e9a7b50f24/60.jpg
Tentacool,Tentacool [Reverse Holo] #96,$51.61,$229.91,$501.29,https://storage.googleapis.com/images.pricecharting.com/baa33231b356202cacaff40f4d1e17f181b82ab64d408e0ec0aa0ed94de2bb16/60.jpg
Tentacool,Tentacool #96,$0.62,$12.20,$55.00,https://storage.googleapis.com/images.pricecharting.com/605e33d2973ac2553c3024610fc272adae22c0915fa4acfa51250fbfcf361f9b/60.jpg
Mysterious Fossil,Mysterious Fossil [Reverse Holo] #109,$50.00,$212.50,"$1,704.09",https://storage.googleapis.com/images.pricecharting.com/ff7117eb076363929edc889e8cc0d3dcaf296fed8b40bfe10a693e60d8c25ffa/60.jpg
Mysterious Fossil,Mysterious Fossil #109,$1.53,$142.00,$170.00,https://storage.googleapis.com/images.pricecharting.com/81dd230b1093f12e196abc31bde00ac19f512d00d512181a435c354af3ee5a6f/60.jpg
Bill,Bill [Reverse Holo] #108,$48.50,$147.57,$846.95,https://storage.googleapis.com/images.pricecharting.com/de618761aa47958e59848e01d7435fc5929bd0b4fd76b208bf59953a023bc0f3/60.jpg
Bill,Bill #108,$0.97,$19.00,$44.42,https://storage.googleapis.com/images.pricecharting.com/52536f03f5d9e65da09d5513e356ffb405a3d63ef2facb7ac40ca2f7dc0095f3/60.jpg
Doduo,Doduo [Reverse Holo] #71,$47.71,$173.46,$898.88,https://storage.googleapis.com/images.pricecharting.com/ee563ac4af637112c5ff0bd9aded6ca36f95d14e0519245c06e0fed29a97fc33/60.jpg
Doduo,Doduo #71,$0.84,$17.00,$70.00,https://storage.googleapis.com/images.pricecharting.com/7ee0f39e70e7c2a3bc1c79ab04e1a8faaa4f09ff7911fa929868bc65a166b152/60.jpg
Pokemon Trader,Pokemon Trader [Reverse Holo] #103,$44.98,$339.88,"$1,149.89",https://storage.googleapis.com/images.pricecharting.com/afa283da0eb2fc69c96ddc1f56c5c2280d0ab5b99fbabcb3955ffcc09914609a/60.jpg
Pokemon Trader,Pokemon Trader #103,$2.40,$48.00,$87.48,https://storage.googleapis.com/images.pricecharting.com/efec125a5d39399ccd25d91a0c8fbfdcb0f35aed166a0e7274b0b60160c1e1fc/60.jpg
Potion,Potion [Reverse Holo] #110,$43.80,$92.50,"$1,110.00",https://storage.googleapis.com/images.pricecharting.com/ecc60c39ef9dedf51b21d268dfbf169e03499bbe26529ca8d140ce5e8afb96a2/60.jpg
Potion,Potion #110,$0.32,$49.28,$75.58,https://storage.googleapis.com/images.pricecharting.com/356d7f300dcf7030e251baa1cd065ea05f3a9839ba995050b431268c631a45ab/60.jpg
Full Heal Energy,Full Heal Energy [Reverse Holo] #100,$43.58,$149.85,$557.77,https://storage.googleapis.com/images.pricecharting.com/c26f84b6539e6baa33eff1526e700188d4e583c73d4a5c5bd39c6876d3bd6064/60.jpg
Full Heal Energy,Full Heal Energy #100,$1.64,$71.00,$85.00,https://storage.googleapis.com/images.pricecharting.com/a8c17779680dfab45dd8ff3b2c1d2d828683f779dbe9946315f297a53b04da8f/60.jpg
Pokemon Breeder,Pokemon Breeder [Reverse Holo] #102,$41.84,$125.10,"$1,278.35",https://storage.googleapis.com/images.pricecharting.com/28d631b4ea4d63e0c0fdd983fc6fd8d3e2a4b20016d2fe875b7adeb0ef84ca70/60.jpg
Pokemon Breeder,Pokemon Breeder #102,$4.42,$152.35,$248.69,https://storage.googleapis.com/images.pricecharting.com/0f57caea726f48752b7248b185490e3072797dc1d96177592ce7bd5ebfcb8ca7/60.jpg
Potion Energy,Potion Energy [Reverse Holo] #101,$41.00,$104.12,$669.00,https://storage.googleapis.com/images.pricecharting.com/f24201f708f4a2d55ef4ef8781a1089f90d96b449d54d2e12eb55343ba30c430/60.jpg
Potion Energy,Potion Energy #101,$1.25,$24.00,$46.56,https://storage.googleapis.com/images.pricecharting.com/ee9ea661b63f8cf22d094cc5fecfcf3f20938bb6a0e3e982eac4c943e05acbd6/60.jpg
Energy Retrieval,Energy Retrieval [Reverse Holo] #107,$40.00,$114.33,"$1,369.88",https://storage.googleapis.com/images.pricecharting.com/d291a050fe555eb3bcda6f8c0a01b42791d3957a9eed5e5575fd02db910a95b5/60.jpg
Energy Retrieval,Energy Retrieval #107,$0.80,$102.50,$123.00,https://storage.googleapis.com/images.pricecharting.com/a7714d3066d3e5b29b8c3d87d851402495b289b8e9a1fdbd4a2c1f2bbcb155aa/60.jpg
Scoop Up,Scoop Up [Reverse Holo] #104,$35.00,$176.82,$612.84,https://storage.googleapis.com/images.pricecharting.com/aeee85ea56db2da88ad8c4dbecf0c733e6335794f932bab7c00b5287dd64abf2/60.jpg
Scoop Up,Scoop Up #104,$6.82,$80.00,$80.03,https://storage.googleapis.com/images.pricecharting.com/27166c385b04eb2dc2d6dc108c6647b15af5b1106b82b98cdc7fab2a3ead2742/60.jpg
