Card Name,Ungraded Price,Grade 9 Price,PSA 10 Price,Image URL
Charizard #146,"$2,858.97","$14,500.00","$42,100.00",https://storage.googleapis.com/images.pricecharting.com/bd96c0864982e5728f6865cb53b48cef4ff034eae52a496e594c40eca129a79a/60.jpg
Gengar #H9,"$1,197.58","$6,826.78","$27,645.92",https://storage.googleapis.com/images.pricecharting.com/ae47d25aebf825d85762e4ad6084d52851500691a85a884bf84804a89535ba97/60.jpg
Umbreon #H30,"$1,545.06","$5,496.25","$20,418.78",https://storage.googleapis.com/images.pricecharting.com/23d5174bf14b858079ee422643ebd5b811cde0d18f3333e7f223dc191c81a940/60.jpg
Ho-Oh #149,"$1,265.29","$6,000.00","$12,377.50",https://storage.googleapis.com/images.pricecharting.com/62b64a9af1433c9b9d90e4911f057a2c95f2733e1d9e72931be85cfe2b4aad2c/60.jpg
Gyarados #H10,$779.98,"$3,251.00","$11,049.50",https://storage.googleapis.com/images.pricecharting.com/293c5f90d742de93e7702d32e9f4f6fc1cf1b3d58a0b779fff4a6e04bd35e2b7/60.jpg
Charizard [Reverse Holo] #146,"$1,185.50","$4,386.82","$9,695.08",https://storage.googleapis.com/images.pricecharting.com/08c913d69317c09271dd55e39f1291598b7146e963646b6921531a70e3c210b4/60.jpg
Celebi #145,$741.75,"$5,212.00","$11,000.00",https://storage.googleapis.com/images.pricecharting.com/2c9ae39c9536a79957f3378cebbeb1ebb9bfdb66a514dc85035f25bbdd2c2bb3/60.jpg
Gengar #10,$256.30,$458.62,"$1,938.83",https://storage.googleapis.com/images.pricecharting.com/f77231698ffb297a55e59303660506ef8862898b8960d003619e94ee86b10a48/60.jpg
Umbreon #32,$141.01,$425.04,"$1,238.27",https://storage.googleapis.com/images.pricecharting.com/b41020fd9a7ce2c94afc600e8973445556cd900e8d87446e1037579eec560560/60.jpg
Golem #148,$376.57,"$2,450.86","$6,137.73",https://storage.googleapis.com/images.pricecharting.com/495a796ce1e9f7822a53af98e1b7b9c3f1772caef6175ebadc529356d365ca3a/60.jpg
Alakazam #H1,$649.99,"$2,000.00","$4,270.00",https://storage.googleapis.com/images.pricecharting.com/0485af71cfded2abd18324c8869726778efe507d4a8ab70e413f609095254b4d/60.jpg
Booster Box,"$58,455.30",,,https://storage.googleapis.com/images.pricecharting.com/d1d756655393bca4b73d0ae394713c98f846e71f305cefaf7547dc063adc527e/60.jpg
Kabutops #150,$452.93,"$2,042.46","$6,640.58",https://storage.googleapis.com/images.pricecharting.com/df2c16531252f5d5ede71bb4e8071f103e6758f55c273372872bbfecc6b40fe1/60.jpg
Snorlax #100,$79.21,$216.67,$425.01,https://storage.googleapis.com/images.pricecharting.com/4377976482daf119f1509308b66905aff8165be95a6b6561ec437a0a639b164e/60.jpg
Articuno #H3,$317.94,"$1,297.80","$3,728.23",https://storage.googleapis.com/images.pricecharting.com/283a52b4cbca9ad7645cbc185349f359cb21426df42c3c6dbcb723e79f884d6f/60.jpg
Vaporeon #H31,$291.17,"$1,218.57","$4,445.62",https://storage.googleapis.com/images.pricecharting.com/488b1b8784ef4025b73962e71338c8f72e765e72d9f47c0f1f1d184aa13e19b5/60.jpg
Pikachu #84,$82.85,$212.35,$602.12,https://storage.googleapis.com/images.pricecharting.com/a77d35c222dc3c3f88bfe4e00155b568b91c02472ce0473577ae76b371fa1175/60.jpg
Flareon #H7,$330.38,"$1,063.54","$4,098.50",https://storage.googleapis.com/images.pricecharting.com/9800f49ba721e37adb9da838ba4ea30eb5b88cc9bf3d525da69a85628371349a/60.jpg
Crobat #147,$500.00,"$2,435.15","$5,988.00",https://storage.googleapis.com/images.pricecharting.com/5252e18651df1a4dcc1438b99a54e7c0337cb05d06dd5e976e2579b0f3bda573/60.jpg
Houndoom #H11,$344.10,"$1,162.82","$7,841.79",https://storage.googleapis.com/images.pricecharting.com/4509fa4402ef1ff86decf0fd1d478303bc89468a49483ca28699f1f7c0881611/60.jpg
Raikou #H26,$237.10,$869.21,"$5,353.12",https://storage.googleapis.com/images.pricecharting.com/e3fd47208899f71ca0f4e67663345283b01ba475b9982ef4a77989faad27cb8b/60.jpg
Moltres #H20,$286.41,"$1,004.42","$2,803.42",https://storage.googleapis.com/images.pricecharting.com/fa934f8e1df53251986baad247c66b6f42845d8e3a873235018420547458184e/60.jpg
Booster Pack,"$1,992.02","$1,801.00","$1,963.03",https://storage.googleapis.com/images.pricecharting.com/05621ea9e2e69327eab50fd0c7d98287ba2f3bf21d01fe8df8aba1218dc8114f/60.jpg
Charizard [Box Topper] #9,$542.49,"$1,348.94","$4,414.29",https://storage.googleapis.com/images.pricecharting.com/54800bb730846c12ea4b2977e7488493b62231383fc377f8b10f9ef06c7c4980/60.jpg
Arcanine #H2,$333.94,$969.54,"$3,919.52",https://storage.googleapis.com/images.pricecharting.com/60c6c074751684995f1fda533ee6da75f3ad4c033563e546bfb9ca0afa852363/60.jpg
Umbreon [Reverse Holo] #32,$320.90,$910.68,"$3,500.00",https://storage.googleapis.com/images.pricecharting.com/qxwff2i2bbzu5sha/60.jpg
Gyarados #11,$174.33,$300.00,$303.26,https://storage.googleapis.com/images.pricecharting.com/29f2c7264591013dc8ddb494eb5e83bba0466cfc2531e130229c747c7b7f6328/60.jpg
Gengar [Reverse Holo] #10,$482.50,"$1,282.43","$3,817.01",https://storage.googleapis.com/images.pricecharting.com/ca82382e6dd522064b18a9b7cae91d6f2ade42ef805982526da6bf78c81a6f44/60.jpg
Ho-Oh [Reverse Holo] #149,$333.54,$705.00,"$4,395.00",https://storage.googleapis.com/images.pricecharting.com/d76587678e9fac830266314cc8a7c9bd3c600ccb80fb3721921a3467394273e6/60.jpg
Celebi [Reverse Holo] #145,$360.00,$965.32,"$2,704.25",https://storage.googleapis.com/images.pricecharting.com/29c90e6e79e1b4e4e9debbeae9a40afbeb883208c3cf214839dc843e1e932f89/60.jpg
Raichu #H25,$260.62,$594.09,"$2,196.76",https://storage.googleapis.com/images.pricecharting.com/f5b132be5badef74888bfe22999b2d162cae788f1f920f2ce11573da873ca7c5/60.jpg
Eevee #54,$28.49,$60.83,$213.13,https://storage.googleapis.com/images.pricecharting.com/e79d23d7c6df1fd20436fbbb1d6e5a4160dd5198080889dce5b714adea2cc398/60.jpg
Ditto #51,$56.00,$64.00,$150.01,https://storage.googleapis.com/images.pricecharting.com/c66e9b7134f0b087ff6235cc7ddf2b68e6761298510b62211f8138cb047db152/60.jpg
Snorlax [Reverse Holo] #100,$336.00,"$1,382.46","$1,725.00",https://storage.googleapis.com/images.pricecharting.com/38ce540878c729fbcfe1bec3121e52806d2ce4f674f63c914030cf746ee367f7/60.jpg
Jolteon #H12,$243.39,$711.20,"$1,893.37",https://storage.googleapis.com/images.pricecharting.com/fe643a06f16aaa03cd1e7d9ba396da84a8764734f0e9fbb166a7db4754d4b730/60.jpg
Starmie #H28,$202.77,$568.91,"$2,800.00",https://storage.googleapis.com/images.pricecharting.com/607dd06f7a244b99227f9c92820c358600d8fe9461aa0319d1bcb8faa387510d/60.jpg
Magikarp #75,$74.99,$103.79,$321.10,https://storage.googleapis.com/images.pricecharting.com/4ffd505d4401a5bc130e10c5d1f96e280e0ac0acedb267a8d27f187d9676a334/60.jpg
Poliwrath #H24,$215.00,$966.50,"$2,000.00",https://storage.googleapis.com/images.pricecharting.com/67327968705191c11e6883d967a3f40549dca168cc540d0a9d33abe959220b4d/60.jpg
Machamp #H15,$169.99,$485.00,"$2,404.75",https://storage.googleapis.com/images.pricecharting.com/e65f1dffba804611d7cc5534de51a3e81611c2aa2238fff27071310300859956/60.jpg
Steelix #H29,$175.62,$383.73,"$1,400.00",https://storage.googleapis.com/images.pricecharting.com/9e09e32565109fc7661eb7ad3d95d294bc7f0b5f04f4b7858d0c6c68e676069f/60.jpg
Kabutops #H13,$231.65,$465.91,"$2,000.00",https://storage.googleapis.com/images.pricecharting.com/90b6e8c179a52a547aaadf767d07ed1c4f691bac505c973bec432afa9e3c4f49/60.jpg
Vaporeon #33,$35.50,$69.00,$250.00,https://storage.googleapis.com/images.pricecharting.com/de85cc6c1371996ad00d33de35eb80ccb8af4b2867d6a41632e971f61a92e986/60.jpg
Alakazam #2,$88.28,$121.41,$305.00,https://storage.googleapis.com/images.pricecharting.com/4ae18ec5e51af757c9557b5564454aabfd02ac08468bfa63337daa47a08bc3ed/60.jpg
Gyarados [Reverse Holo] #11,$173.94,$550.00,$660.00,https://storage.googleapis.com/images.pricecharting.com/514a3fe46e015f65925ec43e44ba9e9f2e674db8ad799192c3daba579ba8969a/60.jpg
Lapras #71,$15.46,$59.34,$144.45,https://storage.googleapis.com/images.pricecharting.com/c0068bfde527cb15c95429b728d7bb12b0f73973870b7c5688d56b7dbdd64674/60.jpg
Flareon #8,$46.79,$82.16,$205.10,https://storage.googleapis.com/images.pricecharting.com/109228c40d608294f9d283da3337ddddf405381bc33cc4bd8397e69f8ed3e9f9/60.jpg
Crobat #H5,$253.41,$516.25,"$1,225.00",https://storage.googleapis.com/images.pricecharting.com/5afeae9939191f412e51497202494bd05916df259f5c56a8b4089254d2a04452/60.jpg
Dewgong #H6,$227.38,$493.37,$850.00,https://storage.googleapis.com/images.pricecharting.com/e13d6f69cca00286dee35dee4a02d365318a66e4a13d034c596d91bf533948f1/60.jpg
Moltres #21,$31.75,$67.00,$154.27,https://storage.googleapis.com/images.pricecharting.com/9ab9a931be7ea63dee2234e00c5014d69fa2d2f1a89406c37f21138f96864c97/60.jpg
Kabutops [Reverse Holo] #150,$248.30,$432.50,$706.82,https://storage.googleapis.com/images.pricecharting.com/30a209009971338ec47891ded79c3a1d1f05e29eb80e42bcab1e43c41bc94358/60.jpg
Pikachu [Reverse Holo] #84,$274.09,$377.74,"$1,058.72",https://storage.googleapis.com/images.pricecharting.com/f0b60e784097efb6905a18a51a78231944cbde6293ee25d0f0b5cd1fb4d9530e/60.jpg
Golem [Reverse Holo] #148,$257.47,$449.99,"$1,300.48",https://storage.googleapis.com/images.pricecharting.com/48f1b8c4a552191ef1f36f2cdcec1b05c66aba42711e09844bd86453a4b0cff6/60.jpg
Rhydon #H27,$125.00,$390.47,"$1,499.00",https://storage.googleapis.com/images.pricecharting.com/1233ec43ee21942c97b274b01b0b25bf908812c656dbfc98608ae1a910f82cfc/60.jpg
Politoed #H23,$298.02,$657.16,"$2,088.88",https://storage.googleapis.com/images.pricecharting.com/ae8b0412b57ee0fc7ea742ea76fe6dd429304bccc778a5e86beea316a0967e82/60.jpg
Nidoqueen #H21,$107.47,$326.02,$920.00,https://storage.googleapis.com/images.pricecharting.com/33aa4bdaf113147504084ab2629c2249cb3a2639014601aba51b274c859de6db/60.jpg
Xatu #H32,$148.79,$281.00,"$1,319.63",https://storage.googleapis.com/images.pricecharting.com/8d64953a81cee6fd80259866fe4b43bfb5b03bdaecee86857013adba42d4c55f/60.jpg
Magneton #H18,$134.39,$389.27,"$2,790.49",https://storage.googleapis.com/images.pricecharting.com/f275f7aa26a45b7276078fe039c8d8f30204783bc8b194eb867034cdadaffdc7/60.jpg
Jolteon #13,$34.44,$59.00,$208.81,https://storage.googleapis.com/images.pricecharting.com/d3b99d875601106f2db7d12d0e0ea04e824f13284488ca190800449d9d45105a/60.jpg
Houndoom #12,$44.88,$75.91,$241.32,https://storage.googleapis.com/images.pricecharting.com/428a647f1334c50836afe46890823a8167a7921aaf0269613889abe2789eb2a7/60.jpg
Crobat [Reverse Holo] #147,$245.54,$449.47,$601.81,https://storage.googleapis.com/images.pricecharting.com/c49ac94e05ea8e83cf7f053b4176441e4605e90901a514c250f58787db1b6672/60.jpg
Magikarp [Reverse Holo] #75,$189.85,$198.50,"$2,012.49",https://storage.googleapis.com/images.pricecharting.com/ryhchrgyfvmcxxqh/60.jpg
Piloswine #H22,$173.67,$349.99,"$1,500.00",https://storage.googleapis.com/images.pricecharting.com/4872180a6f6d25af6f04a3de1621dd8827c9e21067512a27487c82edc76227b5/60.jpg
Articuno #4,$47.16,$74.00,$132.50,https://storage.googleapis.com/images.pricecharting.com/179a233c9fa2c27eb1f635060a813bc7a4c6dfe245317f53e975b2512d382ab6/60.jpg
Lapras [Reverse Holo] #71,$129.00,$255.00,$940.00,https://storage.googleapis.com/images.pricecharting.com/06ac12f004666d674c2c9bbcd5b59f00e9a856329f625901edb51c9c5fc1bd52/60.jpg
Magcargo #H17,$122.21,$365.32,"$1,000.00",https://storage.googleapis.com/images.pricecharting.com/4ecb33c9bdfa3c9f8d23b33fbab87ed5b6f179eeb8404c01eec1345400147b68/60.jpg
Arcanine #3,$66.86,$83.56,$170.00,https://storage.googleapis.com/images.pricecharting.com/1ba22a95325ce959746077b2180fffbacd6d1f2d677903f546dbe6bf4f908276/60.jpg
Beedrill #H4,$147.30,$415.00,"$1,745.46",https://storage.googleapis.com/images.pricecharting.com/1a8b639102d843c7f19c54779c7f8c0bd71d64f31dfb424ea4dd01855d0d0c23/60.jpg
Alakazam [Reverse Holo] #2,$235.00,$337.26,$527.68,https://storage.googleapis.com/images.pricecharting.com/9814251ce3ee26e04a77bc093b7c2e63d05dd146c41c65825acd09438ed02c14/60.jpg
Magneton #H19,$102.63,$352.50,"$1,433.36",https://storage.googleapis.com/images.pricecharting.com/5b381c356b7ce529bd41c98ef445a834230263222e6ff51bd2e9b6e6d5b2f887/60.jpg
Raichu #27,$68.52,$74.04,$241.31,https://storage.googleapis.com/images.pricecharting.com/1c77321c6638aad90daa0420c7ed33553a5c2724385c3ba5dd47299e7c9e676d/60.jpg
Eevee [Reverse Holo] #54,$179.97,$281.01,$484.27,https://storage.googleapis.com/images.pricecharting.com/4a5189cd0a72016d6ec42530a7f813705ee1627d98e4991bd29e9f4770d6abfe/60.jpg
Ledian #H14,$160.27,$332.16,"$1,509.85",https://storage.googleapis.com/images.pricecharting.com/41c379a3ff1100d18738b7b852f499436d82eb1b2497d7215a699496e5eb5235/60.jpg
Ho-oh [Box Topper] #11,$278.26,$434.90,"$1,013.50",https://storage.googleapis.com/images.pricecharting.com/5077ae9fd6fc544f706125b81a3cc1cbd490a6a605c3ef17a5ca43fe560b15c2/60.jpg
Articuno [Reverse Holo] #4,$84.89,$150.94,$263.26,https://storage.googleapis.com/images.pricecharting.com/3ir4vqc5agvfwmbf/60.jpg
Haunter #63,$32.75,$69.99,$231.50,https://storage.googleapis.com/images.pricecharting.com/4e403be8c9dd63b1f1ae4a5454e4ae72d14dfd7582adeafe6a2434c8fa31dc0a/60.jpg
Ditto [Reverse Holo] #51,$202.50,$217.41,$305.34,https://storage.googleapis.com/images.pricecharting.com/b679010bb87194eaca0a931ef3c6391d76cfd5ce3c8adb8c4400188f651ec887/60.jpg
Steelix #31,$42.25,$47.11,$261.51,https://storage.googleapis.com/images.pricecharting.com/11bdcd96610c1b47c5b01654bbe85175697040e882c5cda3ac6ed2aba1433eb6/60.jpg
Meowth [Reverse Holo] #78,$78.86,$120.00,"$2,453.67",https://storage.googleapis.com/images.pricecharting.com/9102ef543ad90712c3656257b50fd297d3be21184eab2124a468a4188fab21f7/60.jpg
Aerodactyl #1,$35.00,$69.99,$227.76,https://storage.googleapis.com/images.pricecharting.com/7d1d2ab121130c265551f98c1a48f01f07e4a346d06371bdc43d89b422ef5436/60.jpg
Houndoom [Reverse Holo] #12,$91.50,$206.69,$426.88,https://storage.googleapis.com/images.pricecharting.com/22719c78dd8558dba75987decf0a0ea17089a8a998a82bf5cb49800b877dc1ce/60.jpg
Flareon [Reverse Holo] #8,$90.49,$130.10,$630.00,https://storage.googleapis.com/images.pricecharting.com/a72bf3cd293234ae67635ee7140b417d79509c3e15b65eb08e70a60d5e55105c/60.jpg
Vaporeon [Reverse Holo] #33,$83.10,$269.27,$477.54,https://storage.googleapis.com/images.pricecharting.com/8f655fa2ee0ab4680363fd68efebb41a438e5b6823ea01b77bacebfb9d3b21c0/60.jpg
Ursaring #110,$18.49,$39.99,$80.00,https://storage.googleapis.com/images.pricecharting.com/6cb1fed5f6f7c66cf775a01fac219a71a87e7981af804f6d01602a1e06b131df/60.jpg
Forretress #H8,$111.17,$322.36,$787.00,https://storage.googleapis.com/images.pricecharting.com/c644a3390a2be34ab007538cb3f711bb9e7a1feca6529b87a2b5e903a92a098e/60.jpg
Magcargo #H16,$143.76,$331.66,"$1,275.00",https://storage.googleapis.com/images.pricecharting.com/c9c68d6f006f8881e7e85ea057235e1136140b5966f71b8f0de71b6fa087a4e9/60.jpg
Raikou #28,$29.63,$75.31,$219.70,https://storage.googleapis.com/images.pricecharting.com/5078f6e0aee2e63d2ca73c9d7031d00bcd79d5cc7563cb80addd16550f96306e/60.jpg
Meowth #78,$51.35,$50.00,$77.00,https://storage.googleapis.com/images.pricecharting.com/7c6888f67fa49795aee14fc9699c316e930fdae1fb21d767fd6124b075e9621a/60.jpg
Moltres [Reverse Holo] #21,$55.00,$278.32,$488.52,https://storage.googleapis.com/images.pricecharting.com/507476ec80acd1327891fda3deebed8d2eb4792364416ca35a779b29216a2228/60.jpg
Gastly #57,$16.50,$24.99,$127.75,https://storage.googleapis.com/images.pricecharting.com/09d5b476fa4730ef9a00f59a303d2d439611a16384c8fe13df36d4e163ade866/60.jpg
Kadabra #69,$18.99,$30.00,$93.42,https://storage.googleapis.com/images.pricecharting.com/a449d6c712f629ab75657276cf524abaa80833f8baae678e82670d5510571baa/60.jpg
Jolteon [Reverse Holo] #13,$84.93,$214.71,$556.96,https://storage.googleapis.com/images.pricecharting.com/dndiwl3hybm3nk22/60.jpg
Electrode #36,$9.88,$26.43,$83.00,https://storage.googleapis.com/images.pricecharting.com/e247887c90bf4ea9b3abc6447ac0fce2d78f2155d4dad8fc1ef6a53216b1fabf/60.jpg
Machamp #16,$19.74,$50.00,$163.93,https://storage.googleapis.com/images.pricecharting.com/5246f7c727db6e17dd2611375fcee255c35e3243e75647c4f19c8906abef94d7/60.jpg
Jigglypuff #68,$19.99,$26.77,$225.00,https://storage.googleapis.com/images.pricecharting.com/03f80c80c547548ede4e713cf0b4fa1ad28648ed1ca588aaff6c3a1996d3602d/60.jpg
Skarmory #97,$10.00,$18.00,$39.36,https://storage.googleapis.com/images.pricecharting.com/bf5433824105f73afedce9a43cae1b75c7cc2649f3f44d44b0925f49a9e109f6/60.jpg
Poliwrath #26,$43.00,$35.00,$179.99,https://storage.googleapis.com/images.pricecharting.com/bde870bee883d885ad01d1561beed802cd47c53a1495bd94f9272e2d58022ca2/60.jpg
Raichu [Reverse Holo] #27,$75.00,$150.00,$503.07,https://storage.googleapis.com/images.pricecharting.com/0053bf87558fc03e4e09f2c71b1054feaed5f4fbccb0ec40ed6f63fc36a12be4/60.jpg
Growlithe #62,$11.75,$21.46,$79.00,https://storage.googleapis.com/images.pricecharting.com/be9678b4a4ac1e088f5f011eb957e5d9d0a5257decacb836115a7897ead27cfb/60.jpg
Oracle #138,$19.34,$48.25,$76.25,https://storage.googleapis.com/images.pricecharting.com/210ae6bffa87142487114dcfac4f3299d96baa2af16f27092c3d42c4a69dc5c7/60.jpg
Raikou [Reverse Holo] #28,$73.79,$136.04,$396.18,https://storage.googleapis.com/images.pricecharting.com/acyw3efvwrwe5fdg/60.jpg
Shuckle #96,$19.95,$39.95,$79.56,https://storage.googleapis.com/images.pricecharting.com/7587738237a8864545dadd094f53001c1a3a8257193b7312289e480682b50cb2/60.jpg
Kabuto #37,$12.76,$37.94,$139.00,https://storage.googleapis.com/images.pricecharting.com/77370ba8e3abe1a0d87798bbfda6d068701762aa034aeaade06abb9252da559f/60.jpg
Abra #46,$18.35,$52.00,$149.99,https://storage.googleapis.com/images.pricecharting.com/b7fe3875c7d362b70bae2a5d0909a3ca212cc5e6561e224eb3418e2ee13cf044/60.jpg
Sandshrew #92,$23.11,$49.99,$67.16,https://storage.googleapis.com/images.pricecharting.com/e368583cbde1714e22fa5b547eb392cf1fa80eff747c330d1c067ae3a2c833e3/60.jpg
Haunter [Reverse Holo] #63,$126.25,$217.38,$366.52,https://storage.googleapis.com/images.pricecharting.com/qk47bpzpc3ts7qcs/60.jpg
Blister Pack,"$3,569.03",,,https://storage.googleapis.com/images.pricecharting.com/e81de8078f1b13f997f6428c790c3aa30dc05a2dbad65c90463632c47d5f9654/60.jpg
Xatu #35,$6.98,$30.99,$73.83,https://storage.googleapis.com/images.pricecharting.com/0c07b1c6ef7749914420e8acf653909b0722f9c8d0b7f4e0fb379d92c8667717/60.jpg
Poliwhirl #88,$21.00,$51.00,$149.99,https://storage.googleapis.com/images.pricecharting.com/e23bbc3e1b6592d5ff3480bbcd8c1408829620c2d5d62c6254742bba8c861fcf/60.jpg
Abra [Reverse Holo] #46,$57.50,$146.57,$285.00,https://storage.googleapis.com/images.pricecharting.com/626cbd2bb959db24588d53c454e3e0d739b55462a4079c9462b7e9007e278c97/60.jpg
Cleffa #48,$14.00,$55.40,$131.96,https://storage.googleapis.com/images.pricecharting.com/4c2266964103454e4521b9a0375f8cd68106469829ef83422f483e4bb8b94898/60.jpg
Kabutops [Box Topper] #12,$163.50,$305.00,"$1,075.00",https://storage.googleapis.com/images.pricecharting.com/76deab032b357994d3bfff252bad4b3d1a6b589ef0b581a5fa03b8a92ca01a8f/60.jpg
Kabutops #14,$23.80,$46.00,$97.00,https://storage.googleapis.com/images.pricecharting.com/400905295a74b87364a0074836750d6ca18f973a38c3c6e9cdf55b70dfc84c93/60.jpg
Arcanine [Reverse Holo] #3,$116.99,$134.92,$275.00,https://storage.googleapis.com/images.pricecharting.com/99f44acbcdf7980d2627a6cbf407b9ae0fc5d12d3f03af5f9b26d147de8c8228/60.jpg
Dunsparce #53,$27.99,$14.70,$76.75,https://storage.googleapis.com/images.pricecharting.com/a44b492d871108df3b302f8ab431046ff30ade95d9de4a08b315c5ef698eb47d/60.jpg
Poliwag #87,$14.99,$28.00,$111.17,https://storage.googleapis.com/images.pricecharting.com/2ab1dbecc84495a7b0a9b38b5ed36da040c2af0b299e3d62e30e47a41af4fb0a/60.jpg
Crobat #6,$40.00,$64.30,$68.89,https://storage.googleapis.com/images.pricecharting.com/72d230f7d5283c243f7fe984cec17ef5a7446e42ab6d6859309aafa2b5ab99f9/60.jpg
Voltorb #113,$6.00,$38.00,$61.01,https://storage.googleapis.com/images.pricecharting.com/84d44b0d5a42b53ed24a5d39c017f0fe02cc641465419aa8b95cc1700e8e70fb/60.jpg
Delibird #49,$17.99,$28.00,$40.33,https://storage.googleapis.com/images.pricecharting.com/81430899f01e8fcff3464115b4e5978a3e5e70a2494d5e237cab6936426e5292/60.jpg
Jigglypuff [Reverse Holo] #68,$127.29,$91.00,$415.68,https://storage.googleapis.com/images.pricecharting.com/f649aead34af494d5dcdcb4ca037285945ecf047bc1a63c50edb449402010740/60.jpg
Swinub #107,$52.99,$44.99,$951.76,https://storage.googleapis.com/images.pricecharting.com/b72274208c3efc897be893961192b9683ac0a82548fd772cda70fcbc25f5aab1/60.jpg
Starmie [Reverse Holo] #30,$60.01,$86.93,$320.75,https://storage.googleapis.com/images.pricecharting.com/l2tppwjufre7skhy/60.jpg
Wigglytuff #34,$27.80,$40.00,$92.96,https://storage.googleapis.com/images.pricecharting.com/be067991c1351ec818dcb47a5baf7a7d4b37124d6c29a9dabb506e057b5c17b5/60.jpg
Diglett #50,$25.36,$18.22,$158.53,https://storage.googleapis.com/images.pricecharting.com/9f56772620bbdf4135fad5c9749c4613dec833f4a30e0078103040102661f7a8/60.jpg
Rattata #90,$4.12,$20.00,$75.97,https://storage.googleapis.com/images.pricecharting.com/b6d79929d591d7baae4aa82f1fb9d44f8aaf367cbb4e3933c1fdf14eab83c10e/60.jpg
Teddiursa #109,$9.98,$48.99,$104.95,https://storage.googleapis.com/images.pricecharting.com/15241ffb62f1c82f10fe6fb757b9e05191e9a5cb56f81e031082ab347844cdb7/60.jpg
Persian #42,$12.28,$32.00,$68.73,https://storage.googleapis.com/images.pricecharting.com/6e4dfe09fad58b71d278d92d0bbb85a38dd435f7a1bce1f150e5a516e2849104/60.jpg
Houndour #66,$11.75,$29.97,$58.67,https://storage.googleapis.com/images.pricecharting.com/693bde825472e61bfae093f8c61e193e88d1010905b0361209e0203b99aa4a34/60.jpg
Machamp [Reverse Holo] #16,$51.99,$126.58,$530.70,https://storage.googleapis.com/images.pricecharting.com/3297ed665a38da19230d2740c5f404e9002c7e4331d60e81baa4ac526cfb318b/60.jpg
Wobbuffet #45,$13.61,$36.34,$90.09,https://storage.googleapis.com/images.pricecharting.com/3d441ee4d76ce7bc4c4dd1f648efa1f4c3738019cd8d455f1ac263ae689a4abc/60.jpg
Starmie #30,$37.48,$61.07,$108.64,https://storage.googleapis.com/images.pricecharting.com/1b3567ee43dc79c16cdc083359683ebc1b6237058ac773cd544e97a9dad50de5/60.jpg
Dugtrio #52,$18.75,$35.00,$168.08,https://storage.googleapis.com/images.pricecharting.com/1943a98b60c4492d4a99ee11f7fc2396126c662f77cb34c18c51c45b9e4d8c12/60.jpg
Natu #80,$4.04,$35.00,$38.33,https://storage.googleapis.com/images.pricecharting.com/d557b427f4881d0e52310bbe1823b4aa38117e562b706ad9a7666c8ff2037da3/60.jpg
Golbat #60,$40.00,$58.55,$96.98,https://storage.googleapis.com/images.pricecharting.com/6f7e92027b07fd4b752619c2ddbd592d5332985c1b62779fc41fdf2eb6fff12f/60.jpg
Aerodactyl [Reverse Holo] #1,$53.55,$119.25,$623.80,https://storage.googleapis.com/images.pricecharting.com/b8b0eeefa80f439d61020284d29091750d593e0f9fc96406d23402810f7d6e06/60.jpg
Misdreavus #39,$9.55,$22.00,$51.86,https://storage.googleapis.com/images.pricecharting.com/e4a681fd605384946a62f00e320561795d62bff5d31d744b3d64677d7fadd6a4/60.jpg
Machoke #38,$10.78,$26.92,$54.48,https://storage.googleapis.com/images.pricecharting.com/2d026cdd71cc84fa10e9969be644054a45bace13eb61e33ba8fe93c547ba9fba/60.jpg
Noctowl #40,$10.99,$46.26,$73.50,https://storage.googleapis.com/images.pricecharting.com/60020d96f8284a5e8f4ccc02afd83f85cc5ebf02221b43e0a09152984fa4e90d/60.jpg
Steelix [Reverse Holo] #31,$72.77,$169.75,$364.83,https://storage.googleapis.com/images.pricecharting.com/7a4ddc318938332665c52c9f18f8e28b7788f7fcfbcf10941ee1d59617a4a8f2/60.jpg
Wigglytuff [Reverse Holo] #34,$51.94,$60.44,$905.94,https://storage.googleapis.com/images.pricecharting.com/3611e9d69efc310b09865f00d6910d9e957c430e218da00b3aaae18de3ddcb77/60.jpg
Poliwrath [Reverse Holo] #26,$48.12,$99.50,$251.37,https://storage.googleapis.com/images.pricecharting.com/jxgh4mndx6chaeih/60.jpg
Kabutops [Reverse Holo] #14,$39.87,$77.99,$309.95,https://storage.googleapis.com/images.pricecharting.com/77b4cb9fbbddad7069fa920418ac083fdd41da6f85f6df6800a9af632779750f/60.jpg
Magneton #19,$20.45,$39.00,$176.83,https://storage.googleapis.com/images.pricecharting.com/8ba9de6dd28551147886690dd7ca0a9287ad161b8e6e748273dfc08a54ea20b7/60.jpg
Rhydon #29,$16.25,$24.50,$119.65,https://storage.googleapis.com/images.pricecharting.com/07716f7d3c2b978b73081f7eaf0c45feb8c9ac9d111e76441210b841d70fe1f3/60.jpg
Omastar #23,$27.00,$24.97,$89.90,https://storage.googleapis.com/images.pricecharting.com/dad16bf4be6bdc313f3f71570d8095c342f123e3e75020757be262a64106ef51/60.jpg
Politoed [Reverse Holo] #25,$69.02,$109.29,$519.89,https://storage.googleapis.com/images.pricecharting.com/5e567bf71d50c6f129d0717cbcac7e6ba57c7c22642202878f08dbd9884164d9/60.jpg
Starmie #44,$9.76,$22.74,$74.99,https://storage.googleapis.com/images.pricecharting.com/43c0cdc2961bc73ff405471cb7b981be08ce80ec09f950d0c601cbafbf18f2e4/60.jpg
Piloswine [Reverse Holo] #24,$57.08,$62.75,$290.92,https://storage.googleapis.com/images.pricecharting.com/vlbsvdeu4tivofgc/60.jpg
Murkrow #79,$17.52,$41.00,$132.38,https://storage.googleapis.com/images.pricecharting.com/b6a959872012ddd58ac05d7a2627c575fd13db234a62e0dfd5ceff7abb8b8faf/60.jpg
Shuckle [Reverse Holo] #96,$77.61,$77.15,$149.13,https://storage.googleapis.com/images.pricecharting.com/d9b46e6e3ad1415c0faee9caecf5003f03bd919383322902217d62b27e1f6099/60.jpg
Venonat #112,$14.28,$34.25,$119.99,https://storage.googleapis.com/images.pricecharting.com/822294be1ec7148d92e84577f8fe41614655d4bb32e63b32d66cff85faf3309c/60.jpg
Mantine #77,$15.00,$22.93,$66.76,https://storage.googleapis.com/images.pricecharting.com/88067a88bb320587a7c62439fe1e0a8f054791673cc1c9168e6e2b5a451c38e4/60.jpg
Snubbull #101,$8.68,$20.00,$119.99,https://storage.googleapis.com/images.pricecharting.com/e7003938814d74df985581c1df7995956840034e2b21750bbea27d9f9de218f4/60.jpg
Rhyhorn #91,$9.14,$19.37,$53.00,https://storage.googleapis.com/images.pricecharting.com/75cd14c3db02ed7d6715cd15fab1f5a982ca2a67a73b6ea3ec370b857e9577ed/60.jpg
Kadabra [Reverse Holo] #69,$67.59,$150.00,$325.00,https://storage.googleapis.com/images.pricecharting.com/g62os2c4kksuydun/60.jpg
Piloswine #24,$35.86,$50.00,$92.55,https://storage.googleapis.com/images.pricecharting.com/4cef79ec0dab58fa4848df5df9a2da14cd3f3bebf14dda9a5b993fe3248b7399/60.jpg
Politoed #25,$30.73,$74.99,$85.35,https://storage.googleapis.com/images.pricecharting.com/75cb5cb910cce130f0a58e87930143b4947659cf0743bdfbdc6da8660c10cbf4/60.jpg
Gastly [Reverse Holo] #57,$85.00,$114.45,$386.00,https://storage.googleapis.com/images.pricecharting.com/fcb965a225c3a5aa1dd64a00d693231b643ac7f55cc91cb921543591adc5bae0/60.jpg
Nidoran #82,$17.13,$22.00,$37.47,https://storage.googleapis.com/images.pricecharting.com/4aaa22af3e272813a828805dfae220224229c778cc9d7e4fa81f0251070521ac/60.jpg
Sandshrew [Reverse Holo] #92,$76.04,$73.85,$195.78,https://storage.googleapis.com/images.pricecharting.com/ec01c3dc7267ca6de9b28f563e4bbb83aca434285e7f70f157c062ae9153273a/60.jpg
Magneton [Reverse Holo] #20,$30.80,$82.06,$244.00,https://storage.googleapis.com/images.pricecharting.com/42438640a50f0bc602f41374cb96b78b9ae6491d93b7a3d60d2b2af1946c4e11/60.jpg
Fisherman #125,$8.49,$32.38,$60.04,https://storage.googleapis.com/images.pricecharting.com/ea793a4460ae6120c3b8bc638280ffc792e31d367af6c6d9fa27c0af26e2a85c/60.jpg
Electrode [Reverse Holo] #36,$43.97,$99.99,$293.69,https://storage.googleapis.com/images.pricecharting.com/9bac6e4aea1555d0fed9169c785d6439135999346d55ee7803b8dd30cc23f894/60.jpg
Seel #94,$20.73,$100.00,$120.00,https://storage.googleapis.com/images.pricecharting.com/d4dc7c86d41166e38070839476a8ef0db7b7db71f6e4ef845caf0a5a8d3a7e48/60.jpg
Venomoth #111,$7.07,$34.00,$67.97,https://storage.googleapis.com/images.pricecharting.com/143174d1407cc22c957f440771c492a5360eff379f42b0505d7dff6f923976cd/60.jpg
Staryu #104,$21.75,$26.89,$76.50,https://storage.googleapis.com/images.pricecharting.com/481d5f7b5829f7070697ffa572fb0c3ad61a143521f9c9a3d467e41497cb638a/60.jpg
Nidoqueen [Reverse Holo] #22,$50.49,$89.99,$315.00,https://storage.googleapis.com/images.pricecharting.com/7d0ca751684ff1476a0cfbae3a1f2cb4acfc57f84831c0fbaaac394217bb4b1b/60.jpg
Machop #74,$9.00,$29.99,$35.00,https://storage.googleapis.com/images.pricecharting.com/7997756207c4ef6d44bfc7d59e43d6c41df5ebe6eef3e33bd81379725c42bbec/60.jpg
Cleffa [Reverse Holo] #48,$61.57,$78.50,$554.04,https://storage.googleapis.com/images.pricecharting.com/50c185e5108e61a29cb0877ce1ce2b503022e694f2be85b7e24172011974b739/60.jpg
Poliwhirl [Reverse Holo] #88,$78.73,$74.99,$847.50,https://storage.googleapis.com/images.pricecharting.com/qn32f7mjh7mx7fat/60.jpg
Omanyte #41,$12.75,$29.86,$75.00,https://storage.googleapis.com/images.pricecharting.com/a5fac2d32ee1c7db8fcddcb60154d6e404949c3ea5c8fa4c4d6583df0eba4914/60.jpg
Buried Fossil #47,$17.34,$66.00,$77.50,https://storage.googleapis.com/images.pricecharting.com/dd6df09a692562cbba66abd48914610de57a48947da57039c43250d6a3105260/60.jpg
Granbull #61,$11.77,$29.50,$51.00,https://storage.googleapis.com/images.pricecharting.com/6dbd9acbb705b211594180ea64db6c80a6028cb59e86f967647f44ff6d41e8ce/60.jpg
Wobbuffet [Reverse Holo] #45,$30.14,$81.77,$335.00,https://storage.googleapis.com/images.pricecharting.com/e33b9ee23136ed364d7e6070e483428b37915752cf84b0038077f4d08b435857/60.jpg
Crobat [Box Topper] #10,$174.96,$317.75,$867.63,https://storage.googleapis.com/images.pricecharting.com/corrdgpxhwswfwthdfrc/60.jpg
Heracross [Reverse Holo] #64,$45.87,$116.90,$265.00,https://storage.googleapis.com/images.pricecharting.com/21985b252a327de213b387f7daa0d449d741e02c2e2c6937acfd41229fa4cbe6/60.jpg
Dewgong #7,$24.00,$39.00,$72.51,https://storage.googleapis.com/images.pricecharting.com/fed6e6605d1c530e1a3f7844cb0053413a1fb87974005f5faeede24d32dc646f/60.jpg
Omastar [Reverse Holo] #23,$33.82,$66.66,$567.50,https://storage.googleapis.com/images.pricecharting.com/f4b1ec6afe4342dafd204266cf4e969d974d9bd798df5bb435af6f5a18a2dcb4/60.jpg
Kabuto [Reverse Holo] #37,$74.21,$54.00,$136.36,https://storage.googleapis.com/images.pricecharting.com/e0190d828827df02d213904a17e79e00513a2dbf49e1da202a22deac49e3cca1/60.jpg
Igglybuff #67,$21.49,$27.00,$65.00,https://storage.googleapis.com/images.pricecharting.com/1efdad447e8d9e93085b05cf98eea3bd1546bc246971985244578e9708329ab7/60.jpg
Beedrill #5,$22.31,$52.63,$97.69,https://storage.googleapis.com/images.pricecharting.com/be3cb42e97857f403e11a32b4e4e1db2e9288ff3f3c35ad86ae6d9754f42f09e/60.jpg
Crobat [Reverse Holo] #6,$53.01,$130.63,$146.81,https://storage.googleapis.com/images.pricecharting.com/5ft3wyapuueoeybw/60.jpg
Nidorina #83,$7.85,$19.94,$82.76,https://storage.googleapis.com/images.pricecharting.com/ca2ea054ebc7e2d224d86ff2e190e0cac7969dc67ffb229d3e8f10297416b6ef/60.jpg
Skarmory [Reverse Holo] #97,$45.00,$72.49,$225.00,https://storage.googleapis.com/images.pricecharting.com/73cclr3gpeerxsb5/60.jpg
Farfetch'd #55,$29.98,$48.37,$155.00,https://storage.googleapis.com/images.pricecharting.com/866e8acc0a23eb24040bf8032cb96ae40b908d8d5f153d0bab5ec08a52d5220a/60.jpg
Girafarig #58,$10.85,$33.22,$43.91,https://storage.googleapis.com/images.pricecharting.com/622cd3bd689519521a0c7f8ae1911984d3fa0efd52ccf36fd151af468ea4f70b/60.jpg
Houndour [Reverse Holo] #66,$48.12,$80.21,$325.00,https://storage.googleapis.com/images.pricecharting.com/faotduzb2hs7iuns/60.jpg
Stantler #102,$6.61,$12.00,$122.24,https://storage.googleapis.com/images.pricecharting.com/11bd4cac904a9b294fa6f7b9ddc20c0c01c5f907c330314b141d73c6cf7c75be/60.jpg
Ledian #15,$14.00,$32.97,$40.00,https://storage.googleapis.com/images.pricecharting.com/6d24645787b6f5566e54736975207c9b9868f8212e251cd09c9aa81016783b1b/60.jpg
Seel [Reverse Holo] #94,$37.19,$59.59,$245.05,https://storage.googleapis.com/images.pricecharting.com/f5a53ce5ceafd822bd1ca9583692880e3852a62b9c91dd07fe40cc96549f6828/60.jpg
Teddiursa [Reverse Holo] #109,$46.56,$150.00,$350.00,https://storage.googleapis.com/images.pricecharting.com/753c1b334bca596f309281e6764d2b687a8904accc5d852cda02be762623a035/60.jpg
Magcargo #17,$16.50,$27.50,$97.69,https://storage.googleapis.com/images.pricecharting.com/bb83f2667d71cdada54df5ba535be36360077552832d6d7dad7c3b806c542edf/60.jpg
Noctowl [Reverse Holo] #40,$33.80,$95.45,$561.00,https://storage.googleapis.com/images.pricecharting.com/ce32cf4bfc6b9aec4c3d1fc12c9b768e2cafbc5212fe255bf5f2634e0038294f/60.jpg
Omanyte [Reverse Holo] #41,$22.50,$79.00,$254.81,https://storage.googleapis.com/images.pricecharting.com/7797033a7011cb6e0f53302e1df2f32a7ed0dcaa46a32b3dfe67e17894c246a3/60.jpg
Dugtrio [Reverse Holo] #52,$37.32,$55.12,$192.76,https://storage.googleapis.com/images.pricecharting.com/1a2306c8a354853ef13b37f9c85ca967b1af8241408a03c6ab5a2c1074bac48b/60.jpg
Raticate #89,$8.02,$22.00,$83.00,https://storage.googleapis.com/images.pricecharting.com/dff878fbf5d4916dfe730d6624e06a3ae2b7b3c2691860dc38994b448bc9132b/60.jpg
Beedrill [Reverse Holo] #5,$41.34,$67.95,$261.00,https://storage.googleapis.com/images.pricecharting.com/zauilvem4ouenh76/60.jpg
Hoothoot #65,$12.29,$18.99,$72.63,https://storage.googleapis.com/images.pricecharting.com/280a9017f95b9528426e9d409e9bcba492be69799ded570d9a2e1be44877863f/60.jpg
Ursaring [Reverse Holo] #110,$67.02,$70.16,$587.99,https://storage.googleapis.com/images.pricecharting.com/f33256784c2fa7ae995d445e2e2b0d0f15f0706cbd27ff03d745141680015344/60.jpg
Growlithe [Reverse Holo] #62,$59.40,$123.20,$360.41,https://storage.googleapis.com/images.pricecharting.com/jjb5esrf6l3a5v6c/60.jpg
Zubat [Reverse Holo] #118,$46.09,$50.61,$85.75,https://storage.googleapis.com/images.pricecharting.com/fa1e6c83db60c1ce6248b2cbec21ddeffb86769cac1d480dd13aab071973ce5b/60.jpg
Rhydon [Reverse Holo] #29,$46.18,$105.66,$499.88,https://storage.googleapis.com/images.pricecharting.com/601e159ea33f503e8426d423eaeeaa15552b58ab4bacf04631e4ebcc57b782b5/60.jpg
Heracross #64,$16.00,$37.00,$206.88,https://storage.googleapis.com/images.pricecharting.com/37a3063bb919d55aebb82d267349fd4ab417979a2448ad68313add9c2955ebdc/60.jpg
Magnemite #76,$5.00,$23.97,$80.20,https://storage.googleapis.com/images.pricecharting.com/e0a944b5cf06567814ea15a79ac739742ffba7d71f7903c88fa1dcff79097a9b/60.jpg
Murkrow [Reverse Holo] #79,$66.00,$82.56,$456.89,https://storage.googleapis.com/images.pricecharting.com/dljlra3aayttfain/60.jpg
Zubat #117,$18.15,$56.43,$68.00,https://storage.googleapis.com/images.pricecharting.com/d67e1b2ac6cb5e654d0d90ccada433e648e01232a63079001dbcef0394ad8bc3/60.jpg
Nidoqueen #22,$31.72,$38.69,$90.61,https://storage.googleapis.com/images.pricecharting.com/a6d51df31dc55201de34fd274b8342d3358a37aaddc6376a461308b492adada8/60.jpg
Xatu [Reverse Holo] #35,$37.89,$74.51,$200.59,https://storage.googleapis.com/images.pricecharting.com/fc342f3ab76646a63982ea265d7782d54ba9ef70deaaaeb9292390cd600130a9/60.jpg
Farfetch'd [Reverse Holo] #55,$58.04,$112.42,$590.54,https://storage.googleapis.com/images.pricecharting.com/68c73668608402662c06bcf6ee9cd81080293cd71f11ad06f5baa067eaa5e3af/60.jpg
Sandslash #93,$10.99,$23.00,$48.77,https://storage.googleapis.com/images.pricecharting.com/9916296543b298fa88924447b730aab8dcc1f7192e743aab7c9e931e9a1acf1b/60.jpg
Weedle #114,$22.74,$39.99,$116.26,https://storage.googleapis.com/images.pricecharting.com/72f7f97473d90dffc6d446a2814c259f6ad5fe2fe60fa509106719af8cc9c19e/60.jpg
Zubat #118,$21.97,$28.50,$55.00,https://storage.googleapis.com/images.pricecharting.com/08b48ca549b6cde0e63a0e6b5cab9172886df704273b2f3f0e52f1b4f735dc4d/60.jpg
Desert Shaman #123,$19.86,$28.13,$97.38,https://storage.googleapis.com/images.pricecharting.com/0650126c67da4d48441321f5f595c571fc1215da1ba840909edb61a6dc421e92/60.jpg
Misdreavus [Reverse Holo] #39,$34.95,$66.95,$133.50,https://storage.googleapis.com/images.pricecharting.com/80bab3d71a361a19cb67047ef518ece6d46d6694fd8233db5bf258d6958cb5a5/60.jpg
Magneton #20,$19.00,$32.13,$120.00,https://storage.googleapis.com/images.pricecharting.com/116be550cecbf89f7345e469e7e091931dbf0e22f31e01da70ae483c7040367c/60.jpg
Weedle [Reverse Holo] #114,$46.53,$90.04,$136.56,https://storage.googleapis.com/images.pricecharting.com/7eff2981ad63a238c1837bfdf9e5319bf278249f86ebee4322abeb0f2500a352/60.jpg
Underground Expedition #140,$8.64,,,https://storage.googleapis.com/images.pricecharting.com/e5c1d156274df926ab62476406a2b073ef0915db3e638c164b2d78fc106f3210/60.jpg
Forretress #9,$11.50,$29.00,$93.57,https://storage.googleapis.com/images.pricecharting.com/90217bd8642ccdf0d871390f41546a453f0d7e19a6bd9160ac9a941ae990c37a/60.jpg
Piloswine #43,$5.99,$17.75,$68.55,https://storage.googleapis.com/images.pricecharting.com/2a75b7cd92263c4f6a54e88ad97fc264e547ed9544f302d0ea5389404fc659f2/60.jpg
Staryu [Reverse Holo] #104,$42.69,$89.21,$399.99,https://storage.googleapis.com/images.pricecharting.com/b7seb2c2n4drxrkw/60.jpg
Ledian [Reverse Holo] #15,$26.81,$59.82,$192.75,https://storage.googleapis.com/images.pricecharting.com/0850279ccf26d649a46108702f8f034016bc90a3dc7ac4e3504397462fa9f42d/60.jpg
Magcargo #18,$15.88,$25.87,$108.35,https://storage.googleapis.com/images.pricecharting.com/b68159fac44ae703c5e1ae91f14168b4d9998cd29fab391a4ec8090370f5f29a/60.jpg
Gligar #59,$7.99,$34.99,$115.50,https://storage.googleapis.com/images.pricecharting.com/11da6e1d0e3a3b65cde7a94deef6bd9b0641f4d9affcc421e162b492cc0f1dfd/60.jpg
Machoke [Reverse Holo] #38,$39.99,$75.63,$590.00,https://storage.googleapis.com/images.pricecharting.com/xvh2otdlnmcopl4d/60.jpg
Seel [Reverse Holo] #95,$48.54,$56.40,$164.51,https://storage.googleapis.com/images.pricecharting.com/850fd44e03573f5e3c5704e3e143c1ea7843689d93c0b9311d8e88f68530391d/60.jpg
Sunflora #105,$8.04,$18.00,$58.75,https://storage.googleapis.com/images.pricecharting.com/08548c9c786e0768fa8ffa7306853d8a4343844129271fc338b3398d76118edb/60.jpg
Miracle Sphere #129,$2.81,$19.99,$39.99,https://storage.googleapis.com/images.pricecharting.com/c3e3d162a7feb42b82d59105df93dbfb4fbda2a3c964e9a785b7117e2d22653c/60.jpg
Magcargo [Reverse Holo] #18,$27.50,$66.68,$349.36,https://storage.googleapis.com/images.pricecharting.com/qul5gnpnhc4icdso/60.jpg
Magneton [Reverse Holo] #19,$35.94,$91.73,$272.51,https://storage.googleapis.com/images.pricecharting.com/ds4upkvoqjlyudty/60.jpg
Persian [Reverse Holo] #42,$41.50,$56.23,$430.98,https://storage.googleapis.com/images.pricecharting.com/j7i45ysvhgoh42c5/60.jpg
Forretress #56,$5.98,$36.58,$40.00,https://storage.googleapis.com/images.pricecharting.com/ef38bbefb96dce6535c9235fa3fb70f1d0c890d07aee68d569068e7462c8f870/60.jpg
Rhyhorn [Reverse Holo] #91,$28.57,$68.34,$201.99,https://storage.googleapis.com/images.pricecharting.com/172a65fd821b72367c178caa02542d27b3b61b29f34d808809aaac015eb9a49d/60.jpg
Oracle [Reverse Holo] #138,$34.93,$199.99,"$1,000.00",https://storage.googleapis.com/images.pricecharting.com/mvmzloajjdprrul5/60.jpg
Retro Energy #144,$6.38,$21.00,$62.19,https://storage.googleapis.com/images.pricecharting.com/2e1d0012ad438eb190f4eb6b884f4875e7431ba0e86f48fd595744c80f0a8f24/60.jpg
Diglett [Reverse Holo] #50,$48.00,$124.00,$172.95,https://storage.googleapis.com/images.pricecharting.com/c7a8d04bd981ebff4bce36eeafdd0c97a0eaa469ec207f653f7b5c7ef15a6303/60.jpg
Nidoran [Reverse Holo] #82,$32.59,$60.49,$325.00,https://storage.googleapis.com/images.pricecharting.com/26e89fc36c50aeaa9092df107c38d0e18aea45d76ffc6e2b290bc23c63649775/60.jpg
Weedle #115,$18.79,$26.73,$51.81,https://storage.googleapis.com/images.pricecharting.com/66b5f539ade1c18e58c909317e190d176b8da34ed1dc6a942cc0eb9d8dc5a1a2/60.jpg
Relic Hunter #120,$10.73,$29.40,$64.00,https://storage.googleapis.com/images.pricecharting.com/1455bc7c70d50dd0a761b8a4ec5f471055cca1a27f05de6d89136ca81f2d1d85/60.jpg
Natu [Reverse Holo] #80,$30.00,$82.06,$203.97,https://storage.googleapis.com/images.pricecharting.com/gbvogtdheqfhohb4/60.jpg
Slugma #98,$8.99,$35.00,$69.95,https://storage.googleapis.com/images.pricecharting.com/bc6dfc8fe90a8f9817653367fc93bb31551f8fc7af65c10163d176f76be946f1/60.jpg
Fast Ball #124,$8.40,$31.48,$75.01,https://storage.googleapis.com/images.pricecharting.com/89aecdf06494b2cbdf3fbb9f38e1f7a09b165f4281a43f27057a6ce6911cc796/60.jpg
Kakuna #70,$7.19,$39.99,$48.00,https://storage.googleapis.com/images.pricecharting.com/2875245abbcaf791b8c05560abf476840331604c537492dad9d8a4e586765b43/60.jpg
Nidoran #81,$19.99,$75.84,$360.00,https://storage.googleapis.com/images.pricecharting.com/73b6b6a63f629cd9f55426aa6c73bce28a5c16f2f1899b1782ab02a3c64742fa/60.jpg
Swinub [Reverse Holo] #108,$29.00,$66.63,$167.50,https://storage.googleapis.com/images.pricecharting.com/197dc48b35adb7327416324446135c821e97fd178a48db71bc2c9d55b66ede22/60.jpg
Magcargo [Reverse Holo] #17,$30.80,$64.90,$172.73,https://storage.googleapis.com/images.pricecharting.com/3fbca6cfd83229a5d628427067d75415e35c198a015ae6f24704009794050f83/60.jpg
Machop [Reverse Holo] #74,$26.18,$55.03,$214.50,https://storage.googleapis.com/images.pricecharting.com/997472e2c3de73874143e8d49e4d89d2f08535ec1ae172f0706d365d28fd821e/60.jpg
Miracle Sphere #130,$3.24,$20.00,$34.20,https://storage.googleapis.com/images.pricecharting.com/a92614c0ac57e4451d5fb7f4cb1f5d6a5348beefb819d700e3b00562272c4767/60.jpg
Miracle Sphere #131,$3.81,$10.50,$50.01,https://storage.googleapis.com/images.pricecharting.com/641766f90ba11a42351756d953005fb532c45f9b3f7e099acc2a6a8ab2b68b01/60.jpg
Dewgong [Reverse Holo] #7,$36.88,$67.09,$200.50,https://storage.googleapis.com/images.pricecharting.com/ff7c064b7c45e82a1afdf07f5f9319b4c675e9d368b8772bc527af64c355c89d/60.jpg
Golbat [Reverse Holo] #60,$64.46,$102.00,$223.74,https://storage.googleapis.com/images.pricecharting.com/djm3xlbyptmy6zwh/60.jpg
Ledyba #73,$15.89,$33.55,$52.25,https://storage.googleapis.com/images.pricecharting.com/831ad237e10cdc9cdcb983969371266bc822c3982f4fe2aaa0723967f8b6670f/60.jpg
Staryu [Reverse Holo] #103,$40.72,$69.99,$131.38,https://storage.googleapis.com/images.pricecharting.com/j24b6tkedq373rxe/60.jpg
Swinub [Reverse Holo] #107,$35.35,$85.00,$212.17,https://storage.googleapis.com/images.pricecharting.com/a28b1a9c8ddd8ed55ff1f60c65d8fc637e1fe19f64bd084562483971879e0ec8/60.jpg
Slugma #99,$21.52,$34.22,$50.00,https://storage.googleapis.com/images.pricecharting.com/da1f5e7d27fe6aeb0ae827d241ddce3e0d0a224147af7d673a7f7e55d3c9ee3b/60.jpg
Swinub #108,$16.12,$25.00,$54.11,https://storage.googleapis.com/images.pricecharting.com/1238875585cdf79a89c42b3ffd1326a7bbf9353cd43366fee05e5d27fdf6acc5/60.jpg
Mystery Plate [Reverse Holo] #135,$31.48,$58.35,$425.00,https://storage.googleapis.com/images.pricecharting.com/5a9d34a85832a8a7c2e7b8ca0beac6473b18a0403c80056bbbe2d38988694996/60.jpg
Starmie [Reverse Holo] #44,$29.55,$92.78,$187.12,https://storage.googleapis.com/images.pricecharting.com/9faf53607498e809854d4b4b516d8a286d412be656323e48d63654f248d993d6/60.jpg
Granbull [Reverse Holo] #61,$37.00,$80.50,$303.97,https://storage.googleapis.com/images.pricecharting.com/q2ssrp7o67lszjto/60.jpg
Hoothoot [Reverse Holo] #65,$31.65,$104.67,$445.00,https://storage.googleapis.com/images.pricecharting.com/7f8cef2d82a95c2996753448cb111e067bd904db207a30f817e6e95c438c3bb6/60.jpg
Ledyba [Reverse Holo] #73,$32.50,$55.25,$136.50,https://storage.googleapis.com/images.pricecharting.com/dypihjvlr27465j6/60.jpg
Venomoth [Reverse Holo] #111,$31.05,$55.86,$174.78,https://storage.googleapis.com/images.pricecharting.com/mpbykzjg3dapl7u2/60.jpg
Underground Lake [Reverse Holo] #141,$28.17,$55.58,,https://storage.googleapis.com/images.pricecharting.com/9719ef1b27fd8c0e1b4be8f1c042e7d7fd9577988335a791a613752c4bcf7a1f/60.jpg
Bounce Energy #142,$4.75,$15.00,$88.44,https://storage.googleapis.com/images.pricecharting.com/8c42cd4993a23e53535a9f623a66e1c29a4d30a4ae3935678318e4e046e06d53/60.jpg
Mantine [Reverse Holo] #77,$32.10,$36.74,$334.63,https://storage.googleapis.com/images.pricecharting.com/8a43da72a64c56b3346463eb258ad1db3a100a7e5963257e9c4a26affbafe185/60.jpg
Seel #95,$14.00,$18.12,$145.00,https://storage.googleapis.com/images.pricecharting.com/9e525784a457450657127c24ef770a0d4de99eac934637f6872f80e8852a8ee4/60.jpg
Slugma [Reverse Holo] #98,$31.11,$54.39,$143.50,https://storage.googleapis.com/images.pricecharting.com/c1498527e13cbc63f35ad5a1bc5c09a033c5e48ec420ace73095e3deffdc2d6b/60.jpg
Mystery Plate #134,$5.00,$10.48,$94.84,https://storage.googleapis.com/images.pricecharting.com/d2648c8b4f702d028a1e03936523532a3db8aea9df0552e9cb28f43d35deac0e/60.jpg
Delibird [Reverse Holo] #49,$39.13,$59.27,$351.00,https://storage.googleapis.com/images.pricecharting.com/3213c08db3bad56300bee38d1dde9a85389c04868021687fb58525d6504d3195/60.jpg
Sandslash [Reverse Holo] #93,$40.51,$75.00,$177.50,https://storage.googleapis.com/images.pricecharting.com/33d7ac0a5959191b6636dfe5f2cddd20d8c2bf39d0ff9d8c19cc37d933733d48/60.jpg
Yanma #116,$6.99,$32.50,$40.91,https://storage.googleapis.com/images.pricecharting.com/72359c2b15002461646e0494c1f7f0007ca79bc9ff2a09370df6973a4a214692/60.jpg
Dunsparce [Reverse Holo] #53,$62.58,$74.06,$140.26,https://storage.googleapis.com/images.pricecharting.com/dad6f25554ce6902fdab6ec19a731247312c765a2fc6c517bc666b0c3a90cf6e/60.jpg
Venonat [Reverse Holo] #112,$29.95,$60.26,$189.99,https://storage.googleapis.com/images.pricecharting.com/g3jpvct3edzmrlyz/60.jpg
Ledyba #72,$13.38,$31.00,$122.27,https://storage.googleapis.com/images.pricecharting.com/9cf738d4145959a6a9892c8436fac2e300603a071d1072d4f2710c0f3ad7fa6b/60.jpg
Stantler [Reverse Holo] #102,$25.00,$44.00,$340.00,https://storage.googleapis.com/images.pricecharting.com/7b71babccace91b75cf240f2519969261434c19203d3b7c38907afc03d1ff44e/60.jpg
Sunflora [Reverse Holo] #105,$37.75,$77.89,$166.19,https://storage.googleapis.com/images.pricecharting.com/i57yh466bfzdqwh4/60.jpg
Sunkern #106,$7.08,$20.74,$57.42,https://storage.googleapis.com/images.pricecharting.com/101737477cb6f464b468387032939584a9ba8cfdeab56fcd667337ffaa19dbcd/60.jpg
Mirage Stadium #132,$6.99,$48.67,$170.50,https://storage.googleapis.com/images.pricecharting.com/da6bc9b4ff0b8002dde51d5061747934bb61556ccd66b4102680f5df0ba89ac6/60.jpg
Underground Expedition [Reverse Holo] #140,$17.99,$65.89,$425.00,https://storage.googleapis.com/images.pricecharting.com/corr4tyz3wtfwrwowdqs/60.jpg
Pineco [Reverse Holo] #86,$19.12,$44.99,$272.33,https://storage.googleapis.com/images.pricecharting.com/78e80d5cd80eb2cfe5e182d7b7a488baf86ab945f18e0950e7a2dfb2e01b3ed1/60.jpg
Rattata [Reverse Holo] #90,$27.77,$67.95,$303.99,https://storage.googleapis.com/images.pricecharting.com/03410edb34a28596d02b944b65ae09e00a5034aadf9d9477e19cd956ccee90ae/60.jpg
Slugma [Reverse Holo] #99,$35.00,$62.63,$318.80,https://storage.googleapis.com/images.pricecharting.com/4af0b6e7c1ac99afdca13f07e01df0e93e0b49bc4b84c84cd8676bd0a3a44df1/60.jpg
Yanma [Reverse Holo] #116,$30.00,$64.95,$535.00,https://storage.googleapis.com/images.pricecharting.com/62c6429791b5f84aba0eefbcaf2717e5c64dd8687f3b037ac60011cdd90639d6/60.jpg
Star Piece #139,$7.99,$23.57,$39.72,https://storage.googleapis.com/images.pricecharting.com/ad0080f37558c44ada905306ea1faec7f5b017c52de9bbc48a92eda815aa85f9/60.jpg
Magnemite [Reverse Holo] #76,$26.72,$53.70,$96.28,https://storage.googleapis.com/images.pricecharting.com/d7901c5390bb5543fe86d31e8494816da2685c316f65ddbc2aa630c64a667875/60.jpg
Pineco #85,$7.66,$44.00,$83.44,https://storage.googleapis.com/images.pricecharting.com/d94a1d49f5c7c4d1e8b802de9197029d3de31a91be296b67c5a801c4f9c0bad9/60.jpg
Apricorn Maker #121,$8.15,$14.83,$37.82,https://storage.googleapis.com/images.pricecharting.com/1678ad58a46e8cfba1a6ca78e8a7e452922b5b02edfc3bff3050cc27a5c8ce0e/60.jpg
Cyclone Energy #143,$5.29,$13.00,$51.88,https://storage.googleapis.com/images.pricecharting.com/ba6b1b6233e86b952ec88ace14eca6a4ad9b674d209bf7c739ab4f696e56624d/60.jpg
Nidoran [Reverse Holo] #81,$28.50,$69.95,$285.90,https://storage.googleapis.com/images.pricecharting.com/cd7dc4c010ca335d154b10567169ba45f553104be08db3f146ab3242bfde94d7/60.jpg
Snubbull [Reverse Holo] #101,$25.00,$53.10,$795.49,https://storage.googleapis.com/images.pricecharting.com/e5da31c1ec65c177cb7db9b385cd691ab4a73b47acf7b3f8ea6972995921eeb5/60.jpg
Apricorn Maker [Reverse Holo] #121,$25.40,$54.79,$220.00,https://storage.googleapis.com/images.pricecharting.com/7c40c52bdc79463ac06796dd6f02b6ce749b59d38e6e001981ddfdfc03b1c8cc/60.jpg
Underground Lake #141,$4.99,$20.39,$41.00,https://storage.googleapis.com/images.pricecharting.com/ca8a0a6f0d94df352ae96d597acc4bce4ffd8efb926be5d1da87184ef953a2e7/60.jpg
Bounce Energy [Reverse Holo] #142,$30.42,$34.02,$931.93,https://storage.googleapis.com/images.pricecharting.com/210f9c2e4fdf50f39d4da12e5b2436afbe179ec46e59f43dc0a572b5186620c1/60.jpg
Nidorina [Reverse Holo] #83,$32.94,$66.60,$287.93,https://storage.googleapis.com/images.pricecharting.com/47803624d821a3044a893132a81554bcf3b2f9adcb14e368aee207b9ee85f803/60.jpg
Pineco #86,$8.29,$31.69,$33.62,https://storage.googleapis.com/images.pricecharting.com/747423a8449b213585905af9dc692eb82452cbbb34c335a15dd6975e17debdbb/60.jpg
Poliwag [Reverse Holo] #87,$51.00,$75.09,"$1,595.13",https://storage.googleapis.com/images.pricecharting.com/9c9fd89e3bd5d875644d45e8dc884b7d5f0e28c871f5633cdbcce8653ab15964/60.jpg
Raticate [Reverse Holo] #89,$41.79,$75.00,$324.86,https://storage.googleapis.com/images.pricecharting.com/4a3ee871f2bfa9763cc5861bc524b567b824187da8eb698ef283fbba95b6d68a/60.jpg
Fisherman [Reverse Holo] #125,$47.63,$73.28,$585.00,https://storage.googleapis.com/images.pricecharting.com/jh5dcxq4vddytcrz/60.jpg
Friend Ball #126,$14.99,$23.00,$129.70,https://storage.googleapis.com/images.pricecharting.com/571ffc541e517aeca8751437ce27ab34c355c400b850b81e199d9b15fe52f60a/60.jpg
Buried Fossil [Reverse Holo] #47,$32.95,$115.00,$193.27,https://storage.googleapis.com/images.pricecharting.com/f93ec0f845138246fd6c894516b92cc195dd933c170475dcc4df0acc433c7b21/60.jpg
Forretress [Reverse Holo] #56,$20.50,$51.54,$127.32,https://storage.googleapis.com/images.pricecharting.com/72393cb7d67b31226cfc5e61ba45ef18dc901a7d1d261235318861129f43744e/60.jpg
Weedle [Reverse Holo] #115,$51.48,$67.33,$152.52,https://storage.googleapis.com/images.pricecharting.com/1a2c73f74415b7fc3d56a65d8d78a4b34d4f974c798d0f45bf4c6e24a6928313/60.jpg
Crystal Shard #122,$3.99,$16.57,$28.00,https://storage.googleapis.com/images.pricecharting.com/979abc465944b387e2d15edfa8cc24197ce43cf58be029428630d0eee5cde876/60.jpg
Mystery Zone [Reverse Holo] #137,$19.43,$36.14,$627.95,https://storage.googleapis.com/images.pricecharting.com/0c93e08d97d0c596a8bc64f6db46778e9b126c6ae3e14518e6286b2d9b9a57ad/60.jpg
Staryu #103,$18.52,$21.71,$135.93,https://storage.googleapis.com/images.pricecharting.com/2fd630a1294280281da409bbe91f4cc8768ee4993d10ae1abac76e474ee8976b/60.jpg
Ancient Ruins #119,$5.68,$22.44,$94.96,https://storage.googleapis.com/images.pricecharting.com/18482b2b741455a773f6e5a837325a44d5f3290eed5478a4807274e8b87231f2/60.jpg
Ancient Ruins [Reverse Holo] #119,$24.99,$50.00,$191.25,https://storage.googleapis.com/images.pricecharting.com/7b4c711b66683c3090312737b9755f10766a6ec3eaeaabfda272df971d81bbf0/60.jpg
Hyper Potion [Reverse Holo] #127,$15.00,$32.05,$54.92,https://storage.googleapis.com/images.pricecharting.com/f92f0a907a3341ad45643f190681f3ec8c8a38312e81fe07cd85ec745d53d796/60.jpg
Retro Energy [Reverse Holo] #144,$13.55,$51.05,$202.79,https://storage.googleapis.com/images.pricecharting.com/f8370bf6152f897f2e6acc777f1920967fd6483483072da0059ccf75ffbbb957/60.jpg
Forretress [Reverse Holo] #9,$21.69,$53.99,$131.39,https://storage.googleapis.com/images.pricecharting.com/c7790cce27f081e4a7c6f408a8fa4aff63091ae6e784c9b3cee90da4aff4ed94/60.jpg
Igglybuff [Reverse Holo] #67,$51.74,$99.99,$143.05,https://storage.googleapis.com/images.pricecharting.com/08083f58f926d7347c9daaa089827e83be2f80b1ce38a4a6731346bb798e64fd/60.jpg
Pineco [Reverse Holo] #85,$29.00,$34.69,$185.00,https://storage.googleapis.com/images.pricecharting.com/7dcba2fab4c40aa0f990ec1e2f5abc3af7d49b3dd7aa854a1d5118c1ac2de5f4/60.jpg
Crystal Shard [Reverse Holo] #122,$14.04,$31.39,$54.20,https://storage.googleapis.com/images.pricecharting.com/e681c3f3690b05ad6c9edb1456525bd41638848942af3eb4bb4f24e15a5f54a0/60.jpg
Mystery Plate #133,$4.97,$22.09,$65.50,https://storage.googleapis.com/images.pricecharting.com/abfed4ff37cbb7893a31b9187acfcf1089245cf7fb698dc8de5b7dd39b96e480/60.jpg
Kakuna [Reverse Holo] #70,$32.02,$56.67,$149.14,https://storage.googleapis.com/images.pricecharting.com/2yrwi4mkf4intj6x/60.jpg
Sunkern [Reverse Holo] #106,$20.00,$52.86,$185.00,https://storage.googleapis.com/images.pricecharting.com/2c1626060a93cbb6b870a59cb024ce9ba617d96044714ce8151da5af244ec221/60.jpg
Voltorb [Reverse Holo] #113,$31.06,$67.16,$166.14,https://storage.googleapis.com/images.pricecharting.com/9aa6edf40f55f47df1cfbbb1fd1371f24eb6a727fbad9c5d172a29cb536a9fb2/60.jpg
Zubat [Reverse Holo] #117,$45.06,$50.00,$314.00,https://storage.googleapis.com/images.pricecharting.com/tidgsmif5dpretgg/60.jpg
Relic Hunter [Reverse Holo] #120,$42.08,$93.31,$201.50,https://storage.googleapis.com/images.pricecharting.com/dnulffm3lofmyaik/60.jpg
Friend Ball [Reverse Holo] #126,$25.95,$37.31,$129.82,https://storage.googleapis.com/images.pricecharting.com/139133227c9e285a955bb91dfbb4a47e89ea7644d99bfac8b092976ed85f7f71/60.jpg
Hyper Potion #127,$4.55,$24.99,$35.19,https://storage.googleapis.com/images.pricecharting.com/b0da9844ed18043d2c7f25061b3506a9b17ee1effb01ddb314ac6d80bd2a5256/60.jpg
Miracle Sphere [Reverse Holo] #129,$20.82,$47.99,$245.00,https://storage.googleapis.com/images.pricecharting.com/adf22fb63c12cb05eb250498132380ff4eee4d3dc18010e36ee54335ebf4583c/60.jpg
Miracle Sphere [Reverse Holo] #130,$23.98,$38.00,$425.00,https://storage.googleapis.com/images.pricecharting.com/f3673b0eee2638092bd55e187570b8c6b41d6613754c49d201655c193cec3e20/60.jpg
Mirage Stadium [Reverse Holo] #132,$21.50,$48.48,$163.44,https://storage.googleapis.com/images.pricecharting.com/625c8b5ff94cfa014370d5aa53e3a18f6f1be517d2bc153fa28bb1b589996b8d/60.jpg
Mystery Plate [Reverse Holo] #133,$27.38,$56.99,,https://storage.googleapis.com/images.pricecharting.com/6npyantfqya5rcbl/60.jpg
Mystery Plate [Reverse Holo] #134,$19.00,$22.94,$185.50,https://storage.googleapis.com/images.pricecharting.com/15a3d7e8561b96aa68da3c525e5c16d80fb4c04a58047e5f7cc75d09efd884bb/60.jpg
Mystery Plate #135,$5.68,$25.00,$95.99,https://storage.googleapis.com/images.pricecharting.com/60a519d0584397ee080d150825bcc9af8e9759dd66b75c94e7bcd7f863def2d3/60.jpg
Mystery Plate [Reverse Holo] #136,$20.56,$68.15,$285.54,https://storage.googleapis.com/images.pricecharting.com/5znilsrah37pbm4v/60.jpg
Mystery Zone #137,$8.50,$30.00,$76.78,https://storage.googleapis.com/images.pricecharting.com/cf40ea4e538856713f0793b5d694eede807612282bfe36109bc19cd92d0a5e54/60.jpg
Piloswine [Reverse Holo] #43,$24.60,$69.77,$72.55,https://storage.googleapis.com/images.pricecharting.com/6930847f2e6e3b2855d14cc07eb558315aeda57338b75564cab222efb00dcc7f/60.jpg
Girafarig [Reverse Holo] #58,$27.80,$52.00,$881.26,https://storage.googleapis.com/images.pricecharting.com/a6l3a4axubbrn4de/60.jpg
Gligar [Reverse Holo] #59,$38.82,$64.99,$349.95,https://storage.googleapis.com/images.pricecharting.com/6fba636d81079a51b9951062b95e577be4dd10b77723967076a58a3c0fbf61de/60.jpg
Desert Shaman [Reverse Holo] #123,$30.00,$45.00,$125.85,https://storage.googleapis.com/images.pricecharting.com/ed8c4e48a51e62f32a0adfdfa925fdd857b779f8e9cbbf16129d64d7fcf8f678/60.jpg
Fast Ball [Reverse Holo] #124,$25.00,$30.00,$58.00,https://storage.googleapis.com/images.pricecharting.com/im5dqdkkyqz7s53c/60.jpg
Lure Ball #128,$6.40,$12.60,$45.00,https://storage.googleapis.com/images.pricecharting.com/0dcc793251ea8abd0c94a553b2b49646840ec5b57d4bea004a09eb297a2ad6ab/60.jpg
Lure Ball [Reverse Holo] #128,$19.99,$23.00,$499.99,https://storage.googleapis.com/images.pricecharting.com/36fc5ce722a512aeafb58364bc3a324b9241321fb6681e850788f4d6a42a7a6e/60.jpg
Mystery Plate #136,$5.56,$16.92,$91.87,https://storage.googleapis.com/images.pricecharting.com/eaef120dc613b05cf7d37e8733d82e8d0993b50a9c308cdb7c76a39a9cf0d0fd/60.jpg
Star Piece [Reverse Holo] #139,$18.99,$50.00,$150.00,https://storage.googleapis.com/images.pricecharting.com/50ddb57def7a2a142b42788dc57389d1d65bf0cc07e44520450f3b8479783934/60.jpg
Cyclone Energy [Reverse Holo] #143,$25.44,$26.00,$810.27,https://storage.googleapis.com/images.pricecharting.com/904bf8a67f373ff1ef305b974fd2b6c900c64cbe8c72186c0abea35dc533a08b/60.jpg
Ledyba [Reverse Holo] #72,$27.31,$52.96,$214.99,https://storage.googleapis.com/images.pricecharting.com/12056a40cf5424d2e3c6372edc0fb9c4c687a55a41987216a9e6d88a9010d345/60.jpg
Miracle Sphere [Reverse Holo] #131,$19.99,$37.00,$400.00,https://storage.googleapis.com/images.pricecharting.com/76b5b2e6725dfc60a02bfb374f96f18b5d1f0a13c34cb4ec4e271c90451fc0cc/60.jpg
